album_name,popularity
EL ÚLTIMO TOUR DEL MUNDO,99
Plastic Hearts,89
"Stamina,",80
folklore: the long pond studio sessions (from the Disney+ special) [deluxe edition],79
Moonwalking in Calabasas (feat. Blueface) [Remix],77
Plastic Hearts,76
KAI - The 1st Mini Album,75
BORDER : DAY ONE,75
Real Shit (with benny blanco),74
BLO II,74
Lil Boat 3.5,73
Breath of Love: Last Piece,73
THE HUSTLE CONTINUES,71
BEBÉ,71
"Nathy Peluso: Bzrp Music Sessions, Vol. 36",71
111 DELUXE,71
weird!,70
Live at the Royal Albert Hall,70
Bedtime Stories Pt. 3,70
Blinding Lights (Remix),68
Errbody,67
FAMILY,67
Secure The Bag! 2,67
Tres,67
TINI TINI TINI,67
A Mi Lado,67
The Parables,66
Dicked Down in Dallas,66
No Time For Tears,66
Punya Paap,66
B.B. King Freestyle,65
Oh Santa! (feat. Ariana Grande & Jennifer Hudson),65
Limbo (Deluxe),65
Nightmare Vacation,65
G.I.H.F.,65
Christmas Blues,65
Poco,65
Miedito o Qué? (feat. KAROL G),65
Step and a step,65
Product of My Environment,65
On Me,64
Coco (feat. DaBaby),64
Smack DVD (feat. Kanye West),64
acting like that (feat. Machine Gun Kelly),64
Death Of An Optimist,64
mars,64
CYR,64
A Friendly Warmth,64
Dream of You (with R3HAB),64
Mi Tío Snoop,64
"Quiet, Heavy Dreams",63
The Lo-Fis,63
LUCID,63
Swimming In The Stars,62
One Whole Day (feat. Wiz Khalifa),62
Más De La Una,62
folklore: the long pond studio sessions (from the Disney+ special) [deluxe edition],61
Mafia Bidness (Deluxe),61
Wish Me Well 3,61
Welcome To 4 Vegas,61
Lotus Inn,61
Teenage Dream,61
In The Morning,61
The Beauty Around Us,61
The Most Wonderful Time,61
ASOT 992 - A State Of Trance Episode 992 (Including A State Of Trance Classics - Mix 017: Solarstone),61
Vaya Vaya,61
Las Locuras Mías,61
None of Your Love,60
Stay Next To Me (with Chelsea Cutler),60
Trust,60
"Country Things, Vol. 2",60
Martin Garrix presents STMPD RCRDS Vol. 003,60
Christmas Songs,60
No Fun Mondays,60
"Baby, I'm Jealous (feat. Doja Cat) [Natti Natasha Remix]",59
"Let's Love (feat. Sia) [Vintage Culture, Fancy Inc Remix]",59
Dreams (feat. Lanie Gardner),59
I CAN'T STOP ME (English Version),59
Goosebumps EP,59
Selena: The Series Soundtrack,59
Desde Morro,59
Lento,59
Southern Symphony,58
Drinkin' Beer. Talkin' God. Amen. (feat. Florida Georgia Line),58
No Me Acostumbro,58
The Line Up,58
remember the mornings,58
Better Days (feat. Justin Timberlake),58
Impulse Voices,58
Black Lungs,58
Weight of the False Self,58
BETTER - The 10th Album,58
Slowed Reverb TikTok (Remix),58
All You're Dreaming Of,58
Home Alone (On the Night Before Christmas),58
911 (Sofi Tukker Remix),57
"New Empire, Vol. 2",57
Opp Stoppa,57
SAWAYAMA (Deluxe Edition),57
For Now,57
Small Town Boy,57
Mad World,57
New Shape,57
Recovery,57
First Kiss,57
Deprê,57
What the Future Holds,57
Desde El Cantón (en Vivo),56
A.I. With The Braids,56
Do It All Over (feat. Marc E. Bassy),56
Maverick City Christmas,56
nothinglastsforever,56
So and So / Areyoudown? Pt. 2,56
Gutta Baby,56
Poco (Versión Pop),56
No Me Llama,56
Everything About You (feat. your friend polly),56
The Balancing Act,56
Clan ötomo,56
Fallin' Apart,56
100%,56
Contigo,56
Merry Christmas Everyone,56
Voodoo Sonic,56
Fleur froide,56
千両役者,56
Are U Live,55
Another Year,55
We Know the Truth,55
No Love Lost (Deluxe),55
Oops (I'm Sorry) (Remixes),55
Bad example,55
KELOKE,55
Chillhop Essentials Winter 2020,55
Faceless,55
Otra Noche,55
Faded,55
"2K20, Pt. 1 (Live)",54
Chopin Winter Nights,54
Christmas Blues (with The Weeknd),54
Your Light (Live On),54
JOKER RETURNS,54
"Cherry Blossom (Extended, Pt. 1)",54
All We Got (feat. KIDDO) [Joel Corry Remix],54
"Rewind, Replay, Rebound (Live in Deutschland)",54
You Ain't Worth It (with 6LACK),54
Jam & Butterfly,54
Park South Freestyle,54
Fly & Fetty,54
Rain Showers in the Woods,54
Trending Christmas Hits Volume 1,54
Raise Em Up (Chopped & Screwed),54
Goldo Funky,54
Gặp Nhưng Không Ở Lại,54
weird!,53
Viva México (En Vivo),53
sympathy 4 the grinch,53
You Knew It Was Me,53
Arcade (feat. FLETCHER),53
Splash,53
Never Look Back,53
Rainy Days Are for Sleeping,53
September (with Zucchero),53
Group Therapy 409,53
Te Recordaré,53
Winter Song,53
Sin Ropa,53
START-UP (Original Television Soundtrack) Pt. 14,53
Home for Christmas,52
The Holly & The Ivy,52
No Negotiations,52
Fallin’ (Adrenaline) [Acoustic],52
Bach Winter Nights,52
ENERGY (Deluxe),52
Monsters (feat. Demi Lovato and blackbear),52
"New Empire, Vol. 2",52
little more time,52
Mozart Winter Nights,52
The White Stripes Greatest Hits,52
Comfort & Joy,52
Sapphire,52
Flip Reset,52
Age of Machine,52
bb u ok?,52
All About You (feat. Foster The People) [Sunset Version],52
Need You Now (Remixes),52
I'm on to Me,52
Zeitloser Pimp,52
CESAR,52
Hailey,52
Chavo's World,52
Say What You Want,52
Black Heart,52
Money Money 2020 Pt II: We Told Ya So!,52
Tripping with Nils Frahm,52
About You,52
"Rest Your Head, My Sleepy Angel",52
Lost with You,52
Peng Black Girls Remix,52
勘ぐれい,52
Bara du och jag,52
Cuando Bebo,52
So Heartless,51
Free Me,51
Feeling Good (feat. Snow Tha Product & CNG),51
The Captain Is Drunk,51
Extinction Level Event 2: The Wrath of God (The Deluxe Edition),51
Excuse My Pain,51
the ground below (feat. Royal Blood) [Royal Jewels Mix],51
Happy Thoughts,51
El Capo (Deluxe),51
All Things Must Pass (2020 Mix),51
Hardwood Classic,51
Bones,51
wishlist,51
Mt. Marci,51
Alone,51
ROCKST17R LIFE,51
Te Equivocaste,51
SUCKAPUNCH,51
Love this Christmas,51
Kids Fallin' In Love,51
Infinite Things (Deluxe Version),51
Mother May I,51
Merry Christmas Jazz (Cosy Winter Lounge),51
How Beauty Holds The Hand Of Sorrow,51
跟我玩轮回,51
Young Golden,51
Paper Thin (Headhunterz Remix),50
A Mis 80's,50
Christmas Classical,50
RaeLynn: Merry Christmas,50
"Cocomelon Christmas, Vol.2",50
God,50
Blame It On The Mistletoe,50
Camp Lukewarm,50
Tears Of Gold,50
Troubled,50
So High,50
Hardwell On Air - Best Of November 2020 pt. 4,50
Big Love (with Wrabel),50
Houdini,50
Rainbow Headed,50
El Duelo,50
Something To Feel Good About,50
When We're Gone,50
El Pasado Está Olvidado,50
Nattasang,50
2easy (feat. Heize),50
Dover,50
Dover,50
Lost Cause,50
Vete Pal Carajo,50
Пустота,50
Whoever's In New England,49
Stuntin' On You (feat. DDG & Dame D.O.L.L.A.) [Remix],49
Mateo (For Nest Audio Sessions),49
dying lately,49
Make the Ting Tense,49
Dunya (feat. LukeyWorld),49
Prayer Hands (feat. Grieves),49
"Christmas (Baby, Please Come Home)",49
Subsidia Night: Vol. 2,49
SKATE,49
Runaway,49
Have Yourself A Merry Little Christmas,49
SE7ENTAS,49
Nuestro Estilo,49
Santa Claus is Coming to Town,49
"In Decay, Too",49
Ambitions,49
Sayless,49
Straight To The Morning (Dillon Francis vs. Hot Chip Remix),49
Mank (Original Musical Score),49
"Odin's Raven Magic (with Steindór Andersen, Hilmar Örn Hilmarsson and María Huld Markan Sigfúsdóttir)",49
Lonely Christmas,49
Meu Anjo,49
КЛИП ЗА 10 ЛЯМОВ,49
Memories In Red,49
Beloved Swedish Lullabies On Piano,49
The Light Will Return,49
Dear My Friend,49
IV,49
Is It Just Me?,49
Palm Sways,49
Apache,49
Foreigns,49
B.B. King Freestyle,48
Violets Are Blue,48
Huracheee,48
Navidad Con La Regida,48
Country Things,48
Loner,48
KISSLETOE,48
Bossa Nova,48
Vivaldi Winter Nights,48
After The Rain,48
Promises (feat. Reigns),48
Disappointed Fantasy,48
YOUNGEST IN KHARGE (DELUXE),48
Oatmilk,48
Idealism,48
football game,48
Fundamental Values,48
Dress,48
"Heelein Toot Gayi (From \"Indoo Ki Jawani\")",48
萬國覺醒,48
Give Me Back My Broken Heart,48
Moving Men (Bob Sinclar Remix),48
Heartbreaker,48
Litany,48
Foreigners,48
Rouen Les Essarts,48
Through These Eyes,48
Mirno,48
Late Spring,48
For You My Love,48
BLACKJACK,48
Sensei,48
I LOVE THAT I HATE MYSELF,48
Dance Forever,48
Lil Boat 3.5,47
Old Dominion: Band Behind the Curtain,47
Red Rocks Live,47
ALL IN (Korean Ver.),47
Chopin: A Life in Music,47
Time Fades Away,47
Feed The Fire (A-Trak & The Brothers Macklovitch Remix),47
Hero,47
i miss u (John Summit Remix),47
Slow Dancing,47
Saludos a Mi Ex,47
Fallen Blixkys,47
Cuando Dos Almas,47
Revelashen,47
Christmas Carols by King's College Choir,47
Dance Like Nobody's Watching,47
Hardwell On Air - Best Of December 2020 Pt. 1,47
Cozy With Me,47
Constance,47
Bag Of Trix Vol. 3 (Music From The Roxette Vaults),47
It Is What It Is (feat. Elise LeGrow),47
TheGalaxy's Heart,47
Heavy Thunder And Soothing Noise,47
Afterparty (feat. Rich The Kid) [GATTÜSO Remix],47
For Me,47
Se Guilló,47
I Was Made,47
Forest,47
Highs & Lows (Special Edition),47
Gaia,47
Flora & Fauna,47
Call Me Now (Club Mixes),47
The Tragedy,47
3SEX,47
Stay,47
Special Price,47
Freedom - The Wolves Within,47
Urban Love,47
Call Me Up,47
Errbody,46
On Me,46
Ranchero Hasta las Cachas,46
Songs You Don't Know By Heart,46
The world of Beethoven,46
Bonus Footage,46
Good Girls (Don’t Get Used),46
Songs From The Bitter Truth,46
No Limit,46
WITH LOVE,46
Tea For The Tillerman (Super Deluxe),46
Sitting In Fire,46
A State Of Trance: Future Favorite - Best Of 2020,46
Back To My Bed (Boss Doms & Achille Lauro Remix),46
Every 4,46
I Wish You Were Here,46
Everything Will Change,46
REALM EP,46
quantumountain,46
Kings Pilot,46
Hemisphere,46
Mild Breeze,46
Enchantment,46
Christmas Serenade,46
Sin Miedo,46
Missing the Mark,46
Reserve,46
Moon,46
Dark Lake,46
Game,46
Apocalypse,46
Tiger,46
Christmas Lofi,46
It's Christmas (Live),46
Luv-fi 2020,46
Nightmare,46
El Gavilan,46
Hi,46
Parallels: Shellac Reworks (Beethoven) By Christian Löffler,46
Animal,46
Night Melody / Articulation,46
Arcade Bronze,46
Bohemio,46
Los Amigos no se Besan en la Boca,46
東京人壽,46
Static,45
A.I. With The Braids,45
At My Worst (Joel Corry Remix),45
Hans Zimmer - Film Scores,45
Teenager (Robert Smith Remix),45
Late Night Tales: Khruangbin,45
Beethoven Trios,45
Drivin Thru the Night (Jerro Remix),45
Tea For The Tillerman,45
Yo Todo Lo Doy,45
Loqueando Con Banda Vol. 2,45
Warm on a Christmas Night,45
Again (DLMT Remix),45
Exotica,45
Happy Where We Are (ilan Bluestone Remix),45
From Russia With Love,45
Pomegranate,45
You Got Me (feat. Frut),45
Sad But True,45
Things I Chose To Remember,45
So We Go (Martin Jensen Edit),45
Nunca Te Olvidaremos,45
I'm Chick,45
East Lake Projects,45
nostalgic,45
Sunstroke,45
Asmr Sleep (Textbook Triggers),45
Winter,45
Zen Christmas,45
Island,45
Show Some Love,45
"Christmas, Hopefully",45
A Piper For Janet,45
Romance for Madness,45
I'll Be Home for Christmas,45
Flavour of Africa,45
Selfish,45
A Whisp Of The Atlantic,45
Windswept Adan,45
"Chill Guitar, Vol. 2 (Acoustic Guitar Instrumental)",45
"Chill Guitar, Vol. 2 (Acoustic Guitar Instrumental)",45
Train To Nowhere (Gareth Emery Remix),45
Angels,45
Always Be,45
Faded,45
Bring Me to the Moon,45
Stranger,45
Sakura,45
All the Lies About Me,45
Follow (Max Manie Remix),45
Chinatown,45
Lights,45
Pop That,45
Talpe,45
Show Me The Money 9 Episode 3,45
Jazzanooga,45
Warm Nights,45
Kreatur der Nacht (feat. Isolation Berlin),45
FLUR,45
QURIOUS,45
Arabella (Live At The Royal Albert Hall),44
acting like that (feat. Machine Gun Kelly),44
A Holly Dolly Christmas (Bonus Version),44
Baroque Feel Good,44
DoGG (feat. Sonny Digital),44
The Secret of Christmas,44
Mi Bom Bom,44
Paradise (Loco Dice Remix),44
Winter Time (with Alicia Keys),44
Rittzmas,44
Look Away,44
A Very Poppy Christmas,44
Better Than I Imagined [Feat. H.E.R. & Meshell Ndegeocello] (KAYTRANADA Remix),44
Jumper,44
PRIMADONA,44
All I Want for Christmas is You,44
Amor Y Lujuria,44
Dope Boyz & Trap Godz,44
Out On My Feet / Brakeless,44
Arthur McBride,44
Peace on Earth,44
We Are the Lost Ones,44
Strawberry Mansion - Side A,44
My Dad's Fault (with Aaron May & jetsonmade),44
A Thousand Dreams EP,44
The Leo Sun Sets,44
Vibes from the Darkside 2 Live,44
Californian Soil (Maya Jane Coles Remix),44
Fab Tool,44
Friends: The Album,44
KARIŞTIR,44
Higher,44
Archeval,44
Vacile,44
LOST IN PARADISE,44
Bad Girl,44
Wholething,44
Perfect White Noise,44
Welcome to the Hills,44
Night,44
You & Me,44
Versos De La Calle,44
Catux,44
Juicy,44
Leaving Out,44
Here I Am,44
2 Hours of Relaxing Spa Ambience,44
No Fail,44
Kill It,44
Orchid,44
partly cloudy,44
Sigue El Vuelo,44
Our Time is Blue,44
Tomorrows II,44
Dawn,44
Untouchable,44
Andrew Bayer Presents: 20 Years Of Anjunabeats,44
Jazz Christmas Hits of 2019,44
The Prophecy,44
COUNT ON U,44
Ultimate Christmas,44
Broken Hearts (Piano Composition),44
BBUSYEO,44
Light of the World,44
City Life,44
Demon's Souls Original Soundtrack,44
reboot.exe,44
Baptized,44
Blckbsta 1,44
VINYL,44
Warm Up,44
Secret,44
Purple Light,44
Jellyfish,44
Graffiti,44
Blue House,44
Jaws,44
Drift,44
耗盡,44
Bandida,44
Real Shit (with benny blanco),43
911 (Bruno Martini Remix),43
Homesick,43
Sin Miedo (del Amor y Otros Demonios) ∞,43
The Lost Remixes,43
Never Change,43
Family Values (with Nina Nesbitt) [Jonasu Remix],43
Classique Feel Good,43
What Child Is This,43
CLOSE FRIENDS,43
Hollowtips,43
Put Your Records On,43
I Believe,43
Phobia (Wuh Oh Remix),43
"Blippi Christmas Songs, Vol.2",43
I'm In Love With You,43
Soft Spot,43
is your bedroom ceiling bored? (feat. Rxseboy) [Fudasca Remix],43
Only For You (Remixes),43
Limewire,43
La Luna,43
barista boy,43
Songs of Supergiant Games,43
Kingdom Muzic Family: The Remnant,43
Solid Gold,43
Peace Of Mind,43
Blue Diamond,43
12th Dimension Ride,43
Yesterday You Said Tomorrow,43
Sacred Psalms,43
Arrogance is the Death of Men,43
Rush Me,43
Here You Go,43
Orangutan,43
2 Hours of Calm Piano on the Shore,43
Black,43
I Come,43
Think About It,43
Living Life,43
Alt Therapy Session 2: Transformation,43
Souls Of The Ocean,43
Dump YOD: Krutoy Edition,43
Iason,43
Paradise,43
Que Digan Lo Que Quieran,43
Kill Me,43
Billinger,43
Caught a Black Rabbit,43
Less,43
Waking up,43
Virgo Sun,42
Enloquéceme,42
Classical Christmas,42
Mozart: A Life in Music,42
"Last Laugh (From \"Promising Young Woman\" Soundtrack)",42
A la Orden del Flaco,42
Welcome to Jet Life Recordings,42
Show Me Around,42
Say I Won't,42
Should I Wait,42
For How Long (Harvey Sutherland Remix),42
Trees,42
little tin soldier,42
From The Album 'American Soul',42
Love Somebody,42
"The Weathermaker Vault Series, Vol. I",42
Antidote,42
What To Do,42
From Now On (feat. Charlott Boss),42
Burning Bridges (Sistek Remix),42
Thank U,42
All That Is Left of the Blue Sky,42
Lonesome Holiday,42
Singled Out,42
All Good,42
BEAT TAPE 35,42
The Lockdown Sessions,42
Christmastide,42
X La Noche,42
Paul Is Dead,42
Calm Christmas Music,42
Toxic (feat. Luh Kel),42
Pokito de mí,42
THE RUN AND GO,42
0 Degrees,42
11:11,42
I Know This Club,42
Social Cues,42
Big Bunny,42
Schweinefleisch,42
Peaceful,42
Scared,42
I Don't Need You,42
Different,42
White Noise,42
Winnipeg's Anomaly,42
Haven (Original Game Soundtrack),42
White Noise Lab,42
Very Special (VIP),42
Jellyfish,42
Otherside,42
Beginning,42
Claude Debussy: Clair de Lune,41
We Can Do This,41
Decada de Corridos y Canciones,41
Learn to Walk Again (Acoustic),41
Corridos Desde El Rancho (En Vivo),41
snowfall / oscarto,41
Lost,41
Silver Bells,41
Drink the Sea (10 Year Anniversary Deluxe Edition),41
"Mary, Did You Know? / Breath of Heaven",41
Cider & Hennessy,41
Why,41
simulation,41
Philip Glass: Piano Sonata,41
High Forever,41
The Night We Met,41
Adore You (Endless Remix),41
Right Down the Line,41
Afraid of Love,41
Sl500 Cruisin',41
A Lofi Christmas Miracle,41
Smoderanza,41
Le fléau,41
"I'm Hard To Love, But So Are You, Vol. 4",41
Crawl (Crazy Cousinz Remix),41
DROGBA (JOANNA) [Summer Cem Remix],41
Valhalla Calling,41
Don't Wait,41
Action Figures,41
No Flag (en français),41
Kadi Ti Hans,41
"The Door (Feat. Car, the garden)",41
Diego Torres Sinfónico,41
Under the Milky Way,41
Don't You Worry Child,41
Fyll upp mitt glas nu,41
Songs For My Veggies,41
Spells,41
International Thief Thief (I.T.T.) [Armonica & MoBlack Mix],41
Dark Room (Bonus Edition),41
Ghost,41
Activate,41
Blossom,40
Doggy Dogg Christmas,40
Country,40
mars,40
Extinction Level Event 2: The Wrath of God (The Deluxe Edition),40
Santa Claus Is Comin’ To Town,40
PRENDIDA (For Nest Audio Sessions),40
FUCK ALL OF YOU <3,40
Kempff plays Beethoven,40
Home Sweet Home EP,40
Mis Superpoderes,40
"Backstage En Vivo, Vol. 2",40
Shinkai,40
December's Here,40
HO HO HO,40
Coming Apart (Remixes),40
Close To You,40
Ace of Spades (40th Anniversary Master) [Instrumental],40
"Bells, Bows, Gifts, Trees",40
"Saint-Saëns: Violin Sonata No. 1, Cello Sonata No. 1 & Piano Trio No. 2",40
Hollywood,40
Atlantis (Piano Sessions),40
"Fed Up, Pt. 3",40
"602 (feat. Jon Z, Brray & Omy de Oro)",40
Low Key,40
Antidote to Being Bored,40
Ha Ha Holiday,40
NEW GIRL (feat. Kid Milli),40
Angelene (Demo),40
Sober (Melih Yıldırım Remix),40
Followers (A.M.C Remix),40
The Christmas Song (Merry Christmas To You),40
The Darkness and The Light,40
All Star,40
Meditate! Volume 3,40
Gardner Express - Blackberry Zap feat. Jackboy,40
D!CKHEAD,40
Oasis,40
Labios Rojos,40
Inverno no Brasil,40
Poison (feat. Bakar),40
Off The Record,40
California,40
"Loves Me, Loves Me Not",39
John Williams - Film Scores,39
Fly Away (Alternate Version),39
Christmas with Chopin,39
Menace,39
Jealous,39
G.I.H.F.,39
Kill Me Better (Don Diablo VIP Mix),39
Let it Go,39
Jolly,39
Still I Rise (feat. Jackboy),39
A Mal Tiempo Buena Salsa,39
Pretty Little Roses,39
The Beginning,39
GIFT RAP,39
Little Deaths,39
Distant Memories - Live in London (Bonus Track Edition),39
Navidad Entre Nosotros,39
Shoutout To My Dentist,39
Straight To You: Live,39
Si Me Pide (Remix),39
Smithereens,39
Oasis Nocturno (Instrumentals),39
Easier (feat. LOWES) [Acoustic],39
Fire in the Blood: The Definitive Collection,39
Nomad,39
Never Ending Dream (From the Apple TV+ Original Series “Stillwater”),39
El Tiempo Que Me Quede,39
Gone Gone Gone,39
Gone Gone Gone,39
how u stop hating urself (pt 1),39
Nervios de Acero,39
Move,39
Dance It Off,39
All Time Low,39
Try (feat. Cozz),39
Severing Dream,39
REAPER SZN,39
2 Hours of Beach Waves and Spa Piano,39
Tratar de Estar Mejor (feat. Jiggy Drama) [Sinfónico],39
2 Hours of Calming Piano for Deep Sleep,39
Be Slow,39
Who Needs a Broken Heart,39
Right Back Where We Started From,39
Genesis XIX,39
Psycho Killer,39
RESONANCE,39
Jazz Christmas Hits of 2020,39
Expressions (Acoustic),39
Lost Cowboys,39
Loyalty Over Love,39
Insane,39
Alone On Christmas Eve,39
Breathe 3,39
Abandoned,39
Christmas with Bach,38
"Live from Brixton Academy, London. June 3rd, 2004",38
Moon River,38
Mixes Con Categoria,38
Happy Xmas (War is Over),38
WAP,38
Wrong Side of Goodbye (Reimagined),38
El Ave de Durango,38
Into The Woods (Christopher Willits Remix),38
Betchua Freestyle,38
El Seriecito,38
Ancient Meadow,38
Goku Rap (Level Up),38
Absolute Unit!,38
"VSQ Performs the Hits of 2020, Vol. 2",38
"Kids Christmas Hits, Vol. 2",38
Torch of Liberty,38
"Baby Lullaby: Baby Lullabies, Baby Music, Nursery Rhymes, Songs For Kids and Music For Baby Sleep, Deep Sleep Aid and Music For Babies",38
Juan Ignacio,38
Man On The Moon,38
Rachmaninov - Piano,38
Dark Love (ft. Aaron Gillespie),38
Preparado,38
Satisfied,38
Murder Everything,38
Longest Year (2020),38
Invisible People,38
New Season,38
Can't Love Myself (feat. Mishaal & LPW),38
Kiss Somebody (Acoustic),38
Dios,38
Death Waltz,38
2 Hours of Calming Spa Sounds,38
2 Hours of Serene Piano Sleep,38
Bag Right,38
Big Crown Vaults Vol. 1 - Lee Fields & The Expressions,38
‎cerulean,38
Two Sides,38
Depths (This Is Not The End),38
A Jolly Winter Gift,38
Side A,38
All You Need,38
Already On It (feat. VanJess),38
love was here to stay,38
"Manic: Is She Like, You Know… EP",37
ADOLESCENCE,37
Holiday Stuff,37
Bach for a Winter Day,37
Paradise (Cassian Remix),37
Steven Universe Future (VGR Remix),37
Brawlin,37
Welcome the Xmas Mood,37
Christmas with Vivaldi,37
Vivaldi: Le Quattro Stagioni,37
Another JOHNNYSWIM Christmas,37
We Don’t Stop,37
Dear Sarah,37
The 4th Movement (The Glitch Mob Remix),37
bad kids (feat. Yoshi Flower),37
En Vivo Desde Casa Vol. 1,37
The Stars Are Coming Home,37
The Christmas Song (Chestnuts Roasting On An Open Fire),37
"Haus Party (Live in Atlanta, 2019)",37
Late Night Thoughts,37
Ice,37
River,37
Christmas In Florida,37
The New Flesh,37
Material Boy (Ricky Desktop Remix),37
damn! (with Chad Kroeger) [Remix],37
Oceans (Piano Sessions),37
"Rich Bitch Chronicles, Vol. 1",37
Gone (Tom Everett Remix),37
Jungle of Love,37
Empírico,37
Los Tropiezos De Mi Vida,37
Far Away,37
Beyond My Sight,37
The Voice of Experience,37
Never Know,37
Bad Girl,37
Rodent Tyrant,37
Orchid Oceans,37
Let Me Be Your Superhero (Acoustic),37
John Wick,37
Christmas Relaxing Music for Dogs,37
As Long as I Can Breathe,37
GEMS IN THE CORNERSTORE,37
Navidad Solita,37
All Da Action,37
"Christmas, Hopefully",37
Change,37
Come Over,37
Christmas on the Way,37
Fireside,37
Memories Of My Obsession,37
Trippy (Kage VIP),37
Sleep Smile,37
Sleep Smile,37
A Thousand Miles,37
Diaries (from Home),37
Chills,37
"Kairos (Original Television Soundtrack, Pt. 9)",37
Amnesia,37
Navidad Rock,36
Ave Maria,36
Christmas with Mozart,36
Relaxed Holidays with Chopin,36
Chopin: Happy Melodies,36
The Nutcracker (El Cascanueces),36
Swag 3,36
Mona Bone Jakon (Super Deluxe),36
Man Down (feat. Sada Baby),36
"Kaikai Kitan (from \"Jujutsu Kaisen\")",36
Darkness,36
Silent Night (Piano Version),36
Fighting Pain,36
Group Therapy 410,36
I'ma Do It,36
The Senses ~ブラームス作品集~,36
Christmas Has Been Canceled Due to Lack of Hustle,36
"Baby Lullaby: Baby Lullabies, Baby Music, Music For Baby Sleep, Deep Sleep Aid and Music For Babies",36
Fog,36
Smokers,36
I'll Be The One (Remixes),36
Flappie,36
El Jonson,36
Wasteland.,36
No Way,36
What's Love Got to Do with It,36
Snow in My Shoe,36
Energy,36
Mamase Mamasa Mamasuelta (Remix),36
"do u care, if i stare?",36
Better Angels,36
Demo Vault,36
GHOST,36
Etoile / Nonstop Japanese ver. Special Edition,36
Christmas Prayer,36
Found Myself,36
Circling the Sun,36
Live on Other Planets (Live 2020),36
Festive Seasonal Dream,36
"Baby, Smile For Me",36
I'll Be There For You,36
Sumidero,36
Rhythm For You And I,36
Dance Of Hearts,36
Nightcall (feat. NINA),36
Lover 4 Now: The Remixes (feat. Todd Edwards),36
fool's elegy,36
911 (WEISS Remix),35
THE HUSTLE CONTINUES,35
Family,35
Mozart - Great Recordings,35
Mozart for a Winter Day,35
Ice Dance,35
One Eight,35
Bossa Nova,35
Stressed Out,35
Tecie & Refuge (Mind Against Remixes),35
I Have Enough,35
"Kids Songs with Go Buster, Vol. 1",35
Diferente,35
Neat Christmas,35
New Shape,35
DEFINE THE GREAT LINE LIVE RECORDING,35
"Baby Music: Baby Lullabies and Nature Sounds, Forest Sounds For Deep Sleep, Baby Sleep Aid, Baby Lullaby Music, Baby Sleep Music and Sleeping Music For Babies",35
Ropa De Bazar / Siempre Estoy Pa Ti,35
Mil Gracias,35
Heaven Has Come,35
Christmas Lights,35
Stolen Dance,35
Pray (Remix) (feat. KB),35
4 The Fashion,35
Mulan (Trilha Sonora Original em Português),35
Vio,35
I Saw Tomorrow,35
"LIVE 92-94, Pt. 1",35
Home,35
Bullet Proof ... I Wish I Was / Sulk,35
Windows,35
Tides,35
Such Great Heights (Acoustic),35
El Comino (Version 4pm),35
Home Away From Home (feat. KARRA),35
Vero Amore,35
Oxlajuj,35
Christmas With You,35
1 Hour Spa Relaxation Soundscape,35
Everything Is Changing,35
"Dil Tera (From \"Indoo Ki Jawani\")",35
Star Wars Main Theme - Star Wars Lofi,35
12 THINGS I FORGOT,35
A Jream Christmas,35
Waah! (feat. Koffi Olomide),35
Virgo Moon,34
Amor de Invierno,34
'Tis The Season,34
"Bach: Well-Tempered Clavier, Book 2 (Excerpts) - Prelude and Fugue No. 17 in A-Flat Major, BWV 886: I. Prelude",34
J.S. Bach: French Suites BWV812-817,34
Beethoven: Symphony No. 7 & Piano Concerto No. 4,34
"Beethoven: Symphony No. 6, \"Pastoral\" & Piano Sonata No. 17, \"Tempest\"",34
Karajan conducts Beethoven,34
Adventure Time: Distant Lands - Obsidian (Original Soundtrack) [Deluxe Edition],34
After Midnight (Reimagined),34
All I Want For Christmas Is You,34
Date Rape,34
Live in Concert with the Sydney Symphony Orchestra,34
Ambush,34
Quien Piensa en Ti,34
Walked In,34
"Morningtime (Amperland, NY)",34
Apoyate en Mi,34
"Piano Collection, Vol. 11",34
"Cross My Heart (Inspired by \"My Hero Academia\")",34
"Psycho (Inspired by \"Mob Psycho 100\")",34
Hollywood Perfect,34
Me Against the Mountain,34
Cashmere,34
"Leo Metal, Vol. 31",34
The Drone Racing League,34
Mirrors (Juelz Remix),34
Riot Gear,34
All The Way,34
Michelin Star,34
Jingle Bells,34
The Christmas Song,34
Side One,34
Your Body,34
Underwater,34
2 Hour Piano Soundscape for Mindfulness,34
I Don't Wanna Know (Acoustic),34
Lifetime Remixes,34
All I Need (Mahogany Sessions),34
Our Anniversary (feat. Dead Rider),34
Hasta La Vista,34
A Wintery Christmas Display,34
Hablame,34
Christmas With Me,34
"Pat Metheny: Road to the Sun, Pt. 2",34
Keepin' it Real,34
Puppy for Hanukkah,33
Chopin: Piano Works,33
"Beethoven Piano Sonatas, Vol. 8 - Appassionata",33
nothinglastsforever,33
Chucks Flannels and Fenders,33
FAYF,33
Just Can’t Get Enough,33
All I Want for Christmas Is You,33
Tritonia 325,33
"Las Envidias, los Chismes y las Traiciones",33
Schubert: Famous Pieces,33
not like you (stripped),33
Trago de Hennessy,33
Rails,33
Shamed,33
Xmas in the stiX,33
Not Fair,33
By Night,33
Stay Home,33
The Pit (Saint Punk Remix),33
Stone Cold,33
Midnight Morning,33
La Estrella,33
Immortals Fenyx Rising (Original Game Soundtrack),33
Never Change (Jeremy Passion Version),33
Cool & Easy,33
Live on Display,33
Somewhere In My Memory (Home Alone Theme),33
Wonderful Dream (Holidays Are Coming),33
Water says High Chance to Dream,33
Seasonal Shift,33
Christmas with Pachelbel,33
Calming Spa Music in the Background,33
Do It Like Me (feat. B-Case),33
Pick You Up,33
Riot!,33
Walking in the Air,33
A Very First to Eleven Christmas EP 2020,33
Textures,33
cómo te va? (For Nest Audio Sessions),33
Delta Waves: Binaural Beats for Sleep,32
Relaxed Holidays with Bach,32
Love,32
"Mozart: String Quartets, Vol. III",32
ショパン:ワルツ,32
Beethoven: Violin Concerto,32
Relaxed Holidays with Vivaldi,32
creature (Sawce Remix),32
Christmas with Handel,32
Christmas (Baby Please Come Home),32
Jenny,32
Til the End of Time,32
"GarciaLive Volume 15: May 21st, 1971 Keystone Korner",32
How To Train Your Dragon (Deluxe Edition),32
At Ease Toddler Lullabies,32
Inversion,32
En Vivo,32
Get Born (Expanded Edition),32
Wanna Be Loved (Remix)/Not An Easy Road (Remix)/Come Inna The Dance,32
Always Like This (Live at Brixton),32
Sales Como el Sol,32
Me Olvide De Ti,32
Demonio,32
Kids,32
Rose,32
1 Hour of Serene Spa Soundscape,32
1 Hour to Relieve Stress at the Spa,32
Ambiance of the Forest at Night,32
One For The Road,32
Umbrella (feat. Mathew V),32
Our Last Holiday,32
Take Me Home (The Remixes),32
Losing You,32
Bring The Fire,32
Agony,32
Stalker,32
Welcome To 4 Vegas,31
Christmas with Tchaikovsky,31
Let's Move,31
Vivaldi for a Winter Day,31
Lo Más Escuchado De,31
Gary Payton,31
Benice,31
Raris & Porsches,31
Bird,31
Why,31
Healing Babies Music,31
Pokémon Theme Song,31
Sin Apodo (En Vivo),31
Desde El Rancho Con Tololoche,31
Cops,31
Harry Potter vs Luke Skywalker,31
Go Harder,31
For The Night,31
I Was on Drugs,31
NYE (Violents Remix),31
11 RAZONES,31
Eleanor Rigby,31
Like Me,31
Blood On A Rose,31
Juntos Algún Día,31
Strings Attached,31
Freestyle Beats - Best Rap Beats 2021,31
American Pie,31
What Do The Lonely Do At Christmas,31
Arms Sleep (Candy Triggers),31
Little Victory,31
Year To Be Over,31
Halocene Holidays,31
i always lose :/,31
i always lose :/,31
Keep It Together,31
A Rainstorm of White Noise,31
La Más Loca,31
"Gaspar, Melchor y Baltasar",31
Lifted Up,31
Finlandia: Finland Independence Day,31
Lofi Hip Hop,31
Iris (arr. piano),31
En Vivo Desde Tijuana (En vivo),31
Forget (Acoustic),31
6-Pack,30
Limbo (Deluxe),30
"Beethoven 32, Vol. 6: Piano Sonatas Nos. 19-22",30
Relaxed Holidays with Tchaikovsky,30
A Royal Philharmonic Christmas,30
En el camino,30
nocturne melancholy dream (Remix),30
True Conspiracy,30
No Me Deja De Doler,30
Wicked (Acoustic),30
Delightful Bedtime Ambience,30
Walked In,30
Maga Christmas,30
I LOVE GLITCHCORE (feat. XIX),30
Back Against the Wall,30
My Heart Beats for You,30
Stairs,30
Cheeto,30
last summer,30
Tchaikovsky / Elgar / Mozart: Serenades,30
Black Eyes Blue (Alternative Mix),30
bubble soda,30
Take Some Time (Emancipator Remix),30
Whiskey / Whisky Cola (Remix),30
It's Beginning to Look a Lot Like Christmas,30
Stuck In ‘93,30
Music from The Hang,30
Where We Began,30
Enola Gay (Remixes),30
Desde Que Llegaste,30
To The Moon And Back,30
Godmothered (Original Soundtrack),30
Mexicano Hasta la Madre,30
ΩΩPARTS,30
Yo Fui el R5,30
Natal Branco,30
2020: El Año Que Se Detuvo el Tiempo,30
"Shadows After Dark (feat. Etana, Romain Virgo, Morgan Heritage, Kabaka Pyramid, Duane Stephenson, Sandy Smith, Raging Fyah, Kumar & Dean Fraser)",30
Into You,30
We Make,30
Happy Holiday Christmas Music,30
"J.S. Bach: Magnificat, BWV 243 & Orchestral Suite No. 3, BWV 1068",29
Berliner Philharmoniker - A Christmas Celebration,29
Let It Snow,29
Regalo Equivocado (En Vivo),29
Abundance,29
"Cherry Blossom (Extended, Pt. 1)",29
Christmas Medley,29
Cry for Help,29
La gabbia (Original Motion Picture Soundtrack),29
Bella Coola,29
"Complete Piano Music, Vol. 56: Liszt – Préludes et harmonies poétiques et religieuses",29
Short Man's Syndrome,29
XO TOUR LIFE,29
Christmas Where I Come From,29
アプレラモート,29
Hau Nalu,29
checks,29
Puccini - Great Recordings,29
Patience,29
Louisiana Coast,29
Auld Lang Syne (Acoustic Version),29
Dreaming Of A Christmas With You / Highway Home For Christmas,29
Happy Holigays,29
Traces (Alternate Versions & Sketches),29
Dinner Party,29
Tattoo,29
It's The Most Wonderful Time of the Year,29
Relieving Stress with Ocean Waves,29
Never Come Down,29
Beethoven 32 Sonatas Vol. III,29
Holy,29
G27,29
Bach: Harpsichord Concerto No. 1,28
Weihnachten mit KIDZ BOP,28
TRUTH.,28
Tomorrow's Dream (2021 Remaster),28
Pain Show,28
Falling Down,28
Vivaldi: Gloria in excelsis deo,28
Robo Kitty (Dubscribe Remix),28
50 Classic Christmas Songs,28
Gentle Nursery Serenity,28
La Mitad,28
If We Make It Through December,28
Sing! The Life Of Christ Quintology,28
Viva la Swing Tik (Remix),28
The Fox in the Snow (Live),28
Real People in Real Places,28
Wrong Time,28
Con el Poder del Corrido,28
"Fragments Part I - \"Traviata\"",28
No Creo en Nadie,28
Island Piano at the Serene Spa,28
LoFi Hip-Hop Beats - Chilled Beats for Kicking Back and Relaxing,28
Dominance (Rue Oberkampf Remix),28
"En Vivo Desde La Cuadra 01-02, Vol. 1",28
far away,28
One Big Happy Family,28
Disturbia,28
"the late Kim Hyun-sik's 30th Anniversary Memorial Album \"Making Memories\" Part 2",28
Turning Blue & Lonesome,27
Excuse My Pain,27
Chopin: Piano Works,27
Celebrate Beethoven: Greatest Hits,27
All About You (feat. Foster The People) [Tensnake Remix],27
BLVD,27
Relaxed Holidays with Handel,27
"Sir Adrian Boult: A Musical Legacy, Vol. 5",27
Don't Come Crying,27
Fallen Blixkys,27
Find the Way Home,27
alpenglow,27
Deck The Halls,27
Back When Marmots Used to Smoke,27
Grande,27
All I See Is Snow,27
Pedals,27
So Suspicious,27
"Koi no Uta (From \"TONIKAWA: Tonikaku Kawaii\")",27
Christmas with The English Concert & Trevor Pinnock,27
Whatever Happened to Christmas,27
mighty die young,27
Flawed Intentions,27
Pal De Blones,27
Freestyle Hip-Hop Beats (Type Beats),27
"Goes Acoustic, Vol. 5",27
I Won't Let You Fall (feat. Finn Askew) [Remixes],27
Tears,27
Sweater (Orchestral Version),27
Falling (Nils Hoffmann Remix),27
Lullaby for a Distant Angel,27
Sibelius: Piano Music,27
1 Hour of Lucid Dreaming After Massage,27
Relieving Stress wiith Spa Music Therapy,27
Jingle Bell Rock,27
Beethoven 32 Sonatas Vol. IV,27
Mafia Bidness (Deluxe),26
Karl Richter - The Organist,26
Relaxing Barroque,26
Screaming At The Top Of Your Lungs,26
Let It Snow (feat. Brian McKnight) [2020 Holiday Edition],26
Sussex Carol (On Christmas Night) [Live],26
Pensando En Verte,26
Live at Rock of Ages Festival 2016,26
La BESTia: The Last Pt. 2,26
Gutta Baby,26
Christmas Time,26
Irish,26
F2020 (LLusion Remix),26
Me Style,26
Schubert: The Last Three Piano Sonatas,26
Genuine Nursery Songs,26
putting a spin on ribs,26
Camera Roll,26
Hollywood Perfect,26
"Understand Pain (Inspired by \"Naruto\")",26
Hana,26
Fallen,26
Dog Music: The Christmas Album to Help Relax Your Dog,26
we don't have to take our clothes off,26
Cansao,26
Escape with Morning Meditation Massage,26
1 Hour of Reiki Healing Massage,26
"4 Paws, Sleeping Music for Dogs and Cats Session 13",26
Live,26
The Sound of Rain on a Tin Roof,26
Fallin’ (Adrenaline) [James Hype Remix],25
Mozart: Chamber Works (Arr. J.A. André for Clarinet & String Trio),25
Beethoven Piano Concertos,25
One Way Ticket To Vibe Island,25
SensiTeev,25
English Chamber Orchestra - Great Recordings,25
Beta Testing,25
American Heartbreak,25
CHEESE STRINGS,25
"Baby Music: Soothing Baby Lullaby Music and Ocean Waves, Newborn Baby Sleep Aid, Music For Deep Sleep, Baby Lullabies and Baby Sleep Music",25
The Beetles,25
"Rachmaninoff: Symphonic Dances, Op. 45: II. Andante con moto. Tempo di valse",25
"Rachmaninov : Préludes, Op. 23 - Études-Tableaux, Op. 33",25
We Need a Little Christmas! (Holiday Hits for Kids),25
Game Over,25
Goodnight,25
Symbols,25
Chill Cow Lofi Hip Hop Style,25
I Got You (Acoustic),25
Call Me Maybe,25
Sing as One: Ten Years of Eric Whitacre's Virtual Choir,25
Summer Chillout Melodies for Cats,25
Miedo,25
Airplane Mode,25
"J.S. Bach: Prelude & Fugue in C Sharp Minor (Well-Tempered Clavier, Book I, No. 4), BWV 849 [Musical Moments]",24
"Bach: Cantata, BWV 199",24
Mozart: Die Zauberflöte - Highlights,24
夜想(ノットゥルノ)~ショパンの世界,24
Beethoven at Christmas,24
Someone Else’s Dream (Acoustic) [with Chaos Canine],24
Alma Navideña,24
TWISTN,24
"En Vivo, Vol. 1",24
Faces,24
Lofi Hip-Hop Beats Compilation 2020,24
Zushi,24
Me Gusta / Tampa Curhat Beat 2 (Remix),24
Heaven,24
Baila / Tampa Curhat Beat (Remix),24
Getting Stronger,24
Human Greatness,24
Traveling in Binaural,24
Snowstalgia,24
Haydn: Complete Paris Symphonies Nos. 82-87,24
"Jammin', 7",24
Najana,24
Lonely Girl,24
i promised (acoustic),24
The World Is Fvcked,24
Perfectly Imperfect,24
1 Hour for Lucid Deep Sleeping,24
Los Llayras 25 Años,24
One (arr. piano),24
Theta Waves: Binaural Beats for Deep Meditation & REM Sleep,23
Bach Happy Melodies,23
Stuntin' On You (feat. DDG & Dame D.O.L.L.A.) [Remix],23
ROCK'N'ROLL.,23
"Tchaikovsky: Symphony No. 5, Op. 64 & Serenade for Strings, Op. 48",23
Moonlight,23
Los Invasores De Nuevo León,23
Blood!,23
Omaggio a Ennio Morricone,23
How She Speaks Of The Sea,23
Silent Night,23
snowfall,23
New Yhana 2,23
CINCORIGINALS,23
"Song of Healing (From \"The Legend of Zelda: Majora's Mask\")",23
Aint over Yet,23
Eternity (Radio Edit),23
Es Navidad,23
All We Need Is Love (Love Is What We Need),23
Spell On Me,23
Los Principios,23
Drastic Fantastic (Ultimate Edition),23
1 Hour of Calming Zen Soundscape,23
Yo No Te Olvido,23
Relaxed Holidays with Mozart,22
XXL Freestyle,22
Menace,22
White Christmas,22
"Going Loud (Team Korra Rap) [feat. Lex Bratcher, YFU Baby & Shwabadi]",22
ブラームス:クラリネット・ソナタ(全曲)、シューマン:幻想小曲集ほか,22
Exhale,22
C. & R. Schumann: Music for Violin & Piano,22
Learned,22
5 -Instrumentals-,22
EZ Nuh,22
Low Fi Hip Hop Beats,22
Als Een Les,22
Byte 4,22
Silent Night,22
Serene Meditation Beach Waves,22
!En Vivo¡ Power Duranguense 2020,22
"for you, my dear",22
Feliz Navidad Con Banda el Recodo de Cruz Lizárraga,21
Sapphire,21
Baby Shark's Big Fishmas Special,21
Can You Smell It in the Air? It's Fishmas!,21
Only Ever Jesus,21
Accidental Shit Talkin' (Bonus Track),21
"Mario Kart Games, The Lost Themes",21
"VT Instrumentals, Pt. 2",21
Blossom,21
"New City, New Potential",21
"Nuestra Historia, Nuestras Canciones",21
Gardiner - The Christmas Collection,21
Home for the Holidays (Essential Christmas Carols & Songs),21
Jungle of Love,21
"Drop (Inspired by \"Fortnite\") [feat. NerdOut]",21
Lofi Beats To Study and Relax To,21
Birkin,21
Left Side Brain,21
"Cheat On Me If You Can (Original Television Soundtrack), Pt.1",21
A Winter Wonderland,21
Out the Ghetto,20
no hook no feeling,20
Turn off the Light,20
Diciembre Feliz (Sierreña),20
"Schubert: Music for Violin, Vol. 2",20
Schubert: Piano Works,20
Thuggin' it Out,20
Lullaby Versions of Van Halen,20
Without You (Jim-E Stack Remix),20
Maga Forever,20
Long Live V.Roy,20
For Reassurance,20
Cheat Pon,20
One Life,20
Esa Nalga Brinca (Remix),20
Blurry,20
Constance,20
Angels,20
"Shostakovich: \"Allegretto\" from Cello Concerto No. 2 in G Minor, Op. 126",20
Wet Piano Relieving Stress,20
What a Wonderful World,20
Vivaldi: Happy Melodies,19
The Perfect Storm,19
Not For Real,19
Her Castle Is Magnificent,19
Under My Skin (Stripped),19
Liszt: Complete Organ Music,19
I AM They Song Session,19
Falling Up,19
Ocean View,19
OK Crooner,19
Tiempo de Navidad (Remasterizado),19
Moonwalkin,19
Mulán (Banda Sonora Original en Español),19
Cerca De Tí (Remix),19
YOUNGEST IN KHARGE (DELUXE),19
Покорить звезду,19
KITES,19
Masstaani,19
Inverno,19
Fallin' Apart (feat. Denzel Curry & Pell),19
Holiday Dreams,19
Calming Melodies for Cats,19
michi,19
Nothing Else,19
Free Me,18
Tchaikovsky Two,18
Different Addy,18
"Super Mario 3D Land, The Themes",18
Last Christmas,18
homebody,18
Snow,18
Yuji & Sukuna (Jujutsu Kaisen) [feat. DizzyEight],18
Schumann: The Three Piano Sonatas,18
La Noche De Anoche (Remix),18
La Noche De Anoche (Remix),18
Relaxed Holidays with Haydn,18
"4 Paws, Sleeping Music for Dogs and Cats Session 15",18
Dreamy Cat,18
Romeo and Juliet: Beyond Words,18
Los Terricolas 50 Años Despues,18
Experience the Christmas Dream,18
Last Christmas,18
"Partita No. 5 in G Major, BWV 829: I. Praeambulum",17
Light Switch (feat. Gunplay),17
"I Believe What You Said (From \"Higurashi: When They Cry - GOU\")",17
Brahms Andante,17
Tragedy for Breakfast,17
Ava (Original Motion Picture Soundtrack),17
It’s Christmas Time (Remastered),17
Quirkless,17
Black Blood Red Kiss,17
"Sorry, I'm Just Tired",17
A Better Way Out,17
A Classic Christmas Parade,17
So Heartless,16
A Season of Love: The Holiday Party Songs!,16
Mozart: Happy Melodies,16
Emo Nite Picks: The All-American Rejects,16
Rencontres,16
Relaxed Holidays,16
Meruem,16
Lo Fácil Es Difícil,16
Better (432 Hz),16
God Rest Ye Merry Gentlemen (Christmas Mix),16
YOUR GONNA DIE IN THIS CAR,16
Hot Zinga,16
Futurae,16
The Comey Rule (Original Series Soundtrack),16
All We Grow (Ten Year Anniversary Edition),16
Winter Warmth,16
Give Me One Reason,16
Dormant,16
La Diligencia,16
Beethoven: 3 Piano Quartets WoO36,15
Beethoven: Chamber Works,15
"VT Instrumentals, Pt. 5",15
You Say Run - Epic Version,15
I Was Made to Love Her (Live),15
King of Crap,15
Liszt Imagination: Mephisto Walzer on String,15
Some Velvet Morning B/W Tired of Waiting for You,15
Con Banda (En Vivo),15
Me Vs Me,15
"Streams, Rain and Waterflow, Vol. 6",15
Thought This Through (Talegate Remix),15
Ana Conda (Overwatch Rap),15
Aniceto Molina,15
To Sleep To Study To Relax & Chill Beats,15
damn! (with Chad Kroeger) [Remix],15
Therefore I Am (Metal Version),15
X Gon´ Give It to Ya (Metal Version),15
Back Beat Boogie - Harry James Live in the 50's,15
Last Christmas (Acoustic),15
Jealousy (Crooked Man Rhumba),15
DIGITAL FEELS,15
Club Rave,14
Neverland,14
Stuck With You,14
Mi Viejo,14
Bringing God Back,14
What's Love Got to Do with It,14
Quanto Tempo,14
Breeze,14
Relaxed Holidays,14
Yesterdays,14
Last Christmas,14
Beethoven: Piano Concertos Nos. 1 & 4,13
"VT Instrumentals, Pt. 3",13
Te Deseo Muy Felices Fiestas,13
Best Fuck,13
Jingle Bells (Acapella),13
This Christmas,13
Dunya (feat. LukeyWorld),12
Beethoven: Piano Transcriptions,12
ベートーヴェン:ピアノ・ソナタ「悲愴」「月光」「熱情」,12
"Kirby 64: The Crystal Shards, The Themes",12
Wonderful Gift,12
Jingle Bells,12
"Coal Miner's Daughter (Live On The Ed Sullivan Show, May 30, 1971)",12
Time for Change (Black Lives Matter),12
Ni Como Amigos,12
Pinot Noir,12
Under The Stars,12
Saint Paul,12
Say You Won't Let Go,12
Do You Hear What I Hear,12
Jesus What A Wonderful Child,12
"Blue Bird (From \"Naruto Shippuden\")",12
Memory of You,12
Relaxing Christmas Lullabies for Babies,12
Someone Else’s Dream (Acoustic) [with Chaos Canine],11
Old Macdonald,11
"Schubert: Symphony No. 9 - Liszt: Ce qu'on entend sur la montagne, S. 95",11
Cold Outside,11
The Style Weekend (Remix),11
POPULAR,11
Whatever You Want (Live From Home),11
Have a Merry Kitty Christmas!,11
Beautiful Lie,11
Behold,11
Hey Good Morning Circle Time Song for Kids,10
Leise rieselt der Schnee,10
Look Away,10
Frozen Firs,10
breath of the wild (nature),10
Cool Yule,10
"Homura (From \"Demon Slayer: Kimetsu no Yaiba The Movie - Mugen Train\")",10
Fauré: Cello Sonatas,10
Mistletoe (ft. Maeta),10
Maza Jaja,10
If I Told You,10
Szpilki i drinki,10
Train Sound Sleep,10
"Idiot (From \"Its My Life\")",10
Winter Mood - Beethoven,9
Cream,9
Again (The Wyze Remix),9
Almost Is Never Enough,9
Soldado Imperial,9
Sleep & Thunder,9
The Legend'S Diary - Udit Narayan,9
Choppings,9
Khush Reh,9
Voyager,9
Gotas de Ilusión (Remaster),9
Mary Did You Know,9
Happy Xmas (War Is Over),9
Roop Tera Mastana - Single,9
O Violão E O Samba,9
Mahler: Symphony No. 5 in C-Sharp Minor,9
"Bach: Violin Partita No. 2, BWV 1004",8
"Kirby Air Ride, The Themes",8
"The Impossible Game Soundtrack, Vol. 50",8
Have Yourself A Merry Little Christmas,8
Flamelurker,8
Somos ajenos (35 Aniversario En Vivo desde el Domo Care),8
Prioritise-moi,8
Have Yourself a Merry Little Christmas,8
You and I,8
Morning Chirps,8
Princesa (Remix),8
Coming Home for Christmas,8
J.S. Bach: Violin Concertos,7
Ven a Mi Casa Esta Navidad,7
Fire Sounds for Sleep Vol. 3,7
Flashbacks,7
romã,7
Engelbert Calling: British Legends,7
Winter Storm Sounds,7
! ! Environment ! !,7
This Christmas,7
"2020 Christmas Jazz Classics, Vol. 15",7
Fan Bitch,7
Britten Great Recordings,7
"Beethoven: Trio for piano, clarinet and cello in E-Flat Major",6
De Monasterio,6
Ding Dong Merrily on High,6
"Ocean Days, Vol 5",6
Grateful,6
El Revolver,6
Nog n Kans,6
Learned,6
When You Wish Upon a Star,6
Till Forever,6
Sunset Dinner,6
One Reason,6
Winter Storm Sound,6
siren,6
So It Is,6
This Forgotten Land,6
11 Peace Towards Men,5
Trains Song 1-10,5
Comforting Nursery Music,5
"Yiruma Legacy Piano Collections, Vol. 1",5
Fire Sounds for Sleep Vol. 6,5
Clear the Air (Welcome Home),5
Sad on Instagram,5
I Love You Always,5
Ganraj Padharo,5
Away In a Manger,5
11:11,5
Gucci Balenciaga,5
Heartbreaker,5
2020 Texas Music Educators Association (TMEA): All-State Symphony Orchestra [Live],5
Its My Life,5
KURT COBA1iL,5
Miracle Pregnancy - Songs to Make Baby Move in Mother's Belly,5
Best Of شب بلال,5
Princesses & Questions,5
Kan Labodda,5
Layali El-Shoq,5
Pfumela,5
השריטה שבפרקט,5
Three's a Crowd,5
חזרתי לחייך,5
Hiába,5
"Barbaro, Vol. 2",5
سوفونير,5
#Zhivotno,5
The Presence,5
Timeline,5
Beethoven: Symphony No. 9,4
"Graduale Project Year 8, Pt. 2",4
Jingle Bells,4
Naughty or Nice,4
"3 Little Kittens (Meow, Meow)",4
Teacher Says Song (Fun with Friends at School),4
Itsy Bitsy Spider (With His Wellies On),4
"VT Instrumentals, Pt. 4",4
Emigrante Del Mundo,4
moment of peace (spa),4
Carry On My Wayward Son,4
Time Passed With You,4
Ankhiya Se Kahi Da,4
Sam's Idea,4
Racing Into the Night (Yoru ni Kakeru) [Piano Version],4
Zlatnite Hitove Na XX Vek (The Golden Hits Of XX Century),4
Garage Sessions,4
Relaxing Instrumentals,4
Self Conflict,4
L$D,4
"Regesh, Vol. 11",4
"Regesh, Vol. 2",4
Ennui da Don,4
Concentration Sixty-Four,4
Hoodie Weather,4
Ne Tam,4
Arizona Love,4
Kokles Janos,4
The Art of Let Go,4
"1,2,3 вкъщи остани",4
Christmas Celebration,4
"VERTIGO, Vol. I",4
Idk,4
Bakrahko Kolko,4
Hollywood Grove,4
Book 1: In the Beginning,4
Stunna-Vision,4
Sorority,4
Open Letter,4
Chelete,4
Doofus!,4
Tiger Beach,4
Scars,4
"Kuuskmann, Martin: Nonstop",4
EP#03,4
! ! ! ! ! True ! ! ! ! !,4
"Magnify, O My Soul!: Eastern Orthodox - Christmas Nativity Chants",4
Joy & Pain (Remixes / Vol. 1),4
Lucky Day,4
26 Serene Mirage,4
Veloce,4
Qué lindo vivirlo,4
My Urban Piano,4
Skip,4
Dutycall (Remix),4
Amoul Tomobile (Live à Paris),4
Teka Folk Music Group,4
Vilnius Full of Space,4
Anafielas,4
With You,4
Most vagy soha,4
La Noche de los Amigos,4
Acoustic Sunshine Lounge Playlist,4
بلا غيبه,4
Delony,4
Fountain of Fun,4
Jaish Al Balad,4
Slaido blondīņu cirks,4
לאהוב בלי להכיר,4
על כנפי הדימיון,4
Oázis,4
Giza,4
Kapu És Kert,4
מבוע,4
Āgenskalna Maukas,4
Бела девойка,4
Oțelu Măcelaru,4
Vitamin,4
Lavender / I Want Peace,4
Au Nom De La Foi (V imeto na Vyarata),4
La Noche Me Llama,4
A Világ Tetején,4
Gilisztalekvár,4
Парамагнетик,4
Kolekcija 20'000 (Geriausių Dainų Naujos Versijos),4
Alkalmatlan,4
Holy Hustle,4
"\"Live & Deadly\" Cd (2007)",4
Minden Valódi,4
Piano Love Serenades,4
Rap Homies & Famill,4
הכל יכל להיות כל כך פשוט,4
מיכל גבע,4
Изъян,4
Timpul,4
The 4th Commandment 2020 Chapter 16,4
Reborn,4
Üksi kodus,4
Ana 2,4
Journey,4
Real,4
פרשים,4
Southbound,4
Не те забравям,4
Laiku Nevar Pazaudet,4
Shot Dupa Shot,4
Démons,4
Apocalyptoholics,4
Kis hülye vagy (Acoustic live version),4
Ayagharass lhoub,4
Hány Pohár Whiskey,4
שירי ערש ילדותי,4
Dreemen,4
Pansion Za Kucheta ( Dogs' Home),4
Ometz Leshanot,4
Cameleonul,4
Alfabetul Iubirii,4
TI,4
Splendor,4
21 & Black,4
XX,4
שטח ההפקר,4
Autumn Weather,4
Sert Hash Any Mahamk,4
זכרונות,4
Szenes Iván - Szenes Fitness,4
Gyöngyhajú lány,4
Új Oldal,4
Tüdruk Ja Surm,4
Vuma Sgebengu 2017,4
Zolani,4
Das Produkt,4
Sinyo (Blue),4
Segn El Azab,4
Breath,4
Пътят,4
FATUM,4
ילד של סופות שקטות,4
קטיפה,4
Bújócska,4
Cântico dos Anjos,4
Divine Bedtime Therapy Movement,4
Mood,4
Mojo Jojo,4
Suflete Pereche,4
Sõbravibe,4
Sõbravibe,4
סוף העולם זה כאן,4
Teegz 2am Thotz,4
קרוב,4
From Zola to Hollywood,4
Loon El Shams,4
Auty Ya Tshilamba,4
אמונה ואהבה,4
Lovesick,4
Алелуя и Амен,4
הגיבורים של יולי,4
Te Sigo Buscando,4
Mint szarvas hűs forrás után... (Instrumentális dicsőítés),4
Aides,4
Kirsipilved,4
Ēnas,4
Talantu Fabrika 2,4
Wahashetny Masr,4
"Find Time for Meditation After Long Day (Relaxation, Contemplation, Reflection, Relief)",4
Zelta Laikmets,4
Cozy Feeling,4
"The Best of Marcos Ariel, Vol. I",4
El Eid,4
Eeva Talsi & Casey Driessen,4
Aiyana V,4
Jelezz Vissza (Fishing On Orfű 2018 Fesztivál Himnusza),4
שיר לזכרנו,4
A Kutya a Legjobb Ember,4
Šokiai parke,4
Drowning,4
Erased,4
Ezi-tura,4
Erased,4
Ezi-tura,4
"Spa: Relaxing Music For Spa, Massage Music, Yoga Music, Pilates Music and Calm Music For Meditation and Relaxation",4
Backwoods,4
Steaua Sus Răsare,4
בסוד תפילת ערער,4
Vienas 3/4 - EP,4
Back At It Again - Remix Pack 2,4
Ahu Gözlüm,4
Светлое,4
A kind of alchemy,4
Gods Sovereignty (Live),4
Hot Pot Tapes,4
אחות קטנה,4
احتفالية بينسوتير,4
"Ticot, Mīlot Un Gaidot",4
עננים - קורניו עם ליעד מאיר ואדם זולוד מארחים את זאב נחמה,4
Jungle,4
Mathel Al Zaman,4
Mathel Al Zaman,4
Neshima,4
Щастлив съм,4
Cāsus,4
Tha Thela,4
Tarek El Sheikh Collection,4
Underdog Day & Night,4
Nem lesz ennek jó vége …,4
Kopā,4
3arka B Ola,4
Publikai Pageidaujant... (20 Rinktinių Dainų),4
Not My War,4
Pravena sam za ratsete ti,4
Dealer,4
Amadlebe,4
Tabrida,4
Könnyek az esőben,4
Everything,4
רא.שיט קול,4
Mama,4
דברי אלי בשיר,4
Home,4
Suna,4
Petrecere lautareasca,4
התקדמתי,4
Ten Li Po Like,4
Unrealized EP,4
Unrealized EP,4
Mazinger,4
Átok,4
"Eine Liebelei, so nebenbei (1929-1931)",4
Caro Nebuvo,4
Disco Special (Discotheque),4
Tessellata 11,4
Al rapta alsa 3diya - Alghaba - Ma chafto ghzaly,4
Аз съм аз,4
Hiába ér véget a nyár,4
Rahu Aeg,4
Chan Idbo Tghrad Lhma,4
Best of Tiger 2019,4
الزار,4
Fájni Fog,4
The Humanoid Problem,4
Fájni Fog,4
The Humanoid Problem,4
Beni De Düşün,4
Ainult Udu,4
As Lluck Would Have It,4
Draga Senorita,4
Zile Şi Zile,4
Cause Everybody Sucks N We Cool,4
Nadmana Alaya,4
سورة يوسف ١٤٤٠هـ - ٢٠١٩م,4
Karahiya,4
Disck,4
Kukába veled,4
תקופות,4
Almost Immortal.,4
Hold És A Csillagok,4
thREeMIXes,4
Kõverad,4
גלגל ענק,4
Keep It 100,4
Две звезди,4
La vie la nuit,4
Fora2 Salonat,4
Discohimnusz (Pák-Pák),4
הלהיטים הגדולים של ישראל,4
Monstrul,4
3ala Kafy,4
New Drug 2,4
"Nyári Flash, Pt. 2",4
Ine Pia Arga,4
Nelly's Son,4
"Nuestros Sueños, Vol. 2",4
Knipmes Aand,4
מלאך שלי,4
עומדת מהצד,4
ההופעה חלק 2,4
Tesis A Világ,4
Big Homies,4
Izglābts,4
Grown Up,4
אחרי כל השנים,4
Lubabalo,4
Weld Cha3eb Yghani,4
Lo Tsha,4
Igazi Lakhe Linginqobele,4
Risurrezione,4
Hippy Hurray,4
Error,4
Atkariba,4
Hófehér,4
El Moj Alazraq,4
Idegenek,4
Alvajárók Ébredése,4
Lik Dabar Ir CIA,4
Sun Set,4
Call me nolo,4
Great Masters of Bulgarian Instrumental Folklore - vol.1,4
The Open Lounge,4
Priekšnojauta,4
במחרוזות שירי נשמה,4
Ch3al Mhom,4
Roh awa,4
Sa3odi,4
3yit Man Sauve,4
Lady Macbeth,4
Värvid,4
Te-am uitat,4
Ana Msh Hna,4
92 Till Infinity,4
El Hogar de los Distintos,4
"Tu Jau Zini, Kas Būs...",4
El7elm,4
Snow Queen,4
"Vírus, Klíma, Meteor, Zombik",4
"Vírus, Klíma, Meteor, Zombik",4
Orange Sky,4
Bansa Hob,4
Estonian National Anthem,4
NARROW-MINDED,4
"Hé, Szerelem!",4
Descent,4
לשם ההשוואה,4
Kingdom Of The End,4
What I'm About,4
Britney,4
انكين انكين,4
DRAGON BALL BD (GOGETA),4
Usivikele,4
ولهان _جلسات,4
DVL,4
Tot Ce-O Să Conteze,4
Tot Ce-O Să Conteze,4
Trio Elétrico,4
Grillezz!,4
Miss Calculation,4
Wahabeyat Gedeeda,4
Anxiety Treatment,4
Again,4
צד יקר בנו,4
The Year That Wasn't,4
Hegedus a hazteton (Fiddler on the Roof),4
Philly Rock,4
Im Ata Ohev,4
Flous,4
14%,4
Trupkata,4
Tirra S Ikwlan,4
Gravitacija Pt. 1,4
City of Nobody,4
Till the End of Slime,4
Laika ziņas,4
תשעה שירים,4
Infinite Itinerant,4
ישראל גוריון,4
נדודים,4
Събота - Single,4
Suudles Sind,4
Milmulim,4
Music Is My Medicine,4
Amigos Inflables,4
America,4
פסטיגל (1995),4
Savastano,4
Nepasakyta,4
Mrt,4
Pustono ludo I mlado,4
Dawar Al Saada,4
Midbar,4
Gabi gabi,4
Neo vs Noé,4
Sievietēm jaukām,4
Attention,4
"Jó reggelt, Élet!",4
Katana,4
Dr Bubó,4
Vērtību Skala,4
Ne Uitam Ca Prostii Toti,4
Hi Kule Kuvava,4
Забранен достъп,4
כל הכבוד לנח״ל,4
T3000,4
Ana Khayef,4
Pietura,4
המשימה נכשלה,4
Crimson Walls (A-55 Remix),4
עלה ברוח (בשירי דור הפרחים),4
Prada,4
"Brainwave Training: Power of Focus Music, Mental Meditation, Improve Concentration, Reading & Working, Piano Music to Exam Study",4
Нека ни е зле,4
Нека ни е зле,4
אהבה בצלילים ובקצב,4
Make You Freeze,4
Road Trip,4
Naptánc,4
Refugees Welcome,4
Where Have You Gone,4
Mobile Riddim Album,4
Roséa,4
Storyteller,4
איפה הוא היום,4
Szerelmes levelek,4
Faliment,4
10 millió,4
Carousel,4
Ngholovhani,4
Juku Gadi,4
לא לבד,4
Enta 3al Bayez,4
Do what U Do,4
Liaudies Dainos Chorams (Folk Songs For Choirs) (Mikalojus Konstantinas Čiurlionis),4
Fa-mi cu mana,4
Вълшебни песнички 1,4
Bezizejas,4
The Beat,4
אנפלגד חלק א,4
אנפלגד חלק א,4
4:29AM,4
פרח קיר,4
Freedom (Radio Edit),4
Romeo Ja Julia,4
Honest,4
Вятъра Сърдит - Single,4
Vágta,4
Nem leszek áldozat,4
قرب لي,4
'56,4
Itachi,4
Ana El Salek,4
האמנתי בך,4
Am lasat jocurile si mi-am luat un GL (Live),4
Umuntu (Gospel Piano Mix),4
Glory To God,4
"Igwabo Lakwapondo, Vol. 3",4
Tu Esi Zelts,4
בהופעה,4
I Androniki,4
Nature Travels,4
Aarad Ma Baad Elforaq,4
Aarad Ma Baad Elforaq,4
בלנסטון,4
Mama noastră,4
"Marco Uccellini - Sonate, correnti e arie dall'opera quarta",4
Langevad Tähed,4
Ухание,4
Town,4
Emmanuel,4
Burn the Red Sierra,4
"The Best of, Vol. 1",4
Fent A Kettyóséknál (feat. Rambo),4
When Time Stands Still,4
Seven Steps,4
Gentleman,4
פסטיגל (1982),4
Sunshine : Demo One,4
Дяволски вярно,4
Marfa Noua,4
Asfoor El Mattar,4
In Urma Mea,4
Ebelungwini,4
1475,4
Rīts,4
Ne ti li stiga,4
Elan,4
S kakavto se hvanah,4
Tu Amante,4
This Is Me,4
חוה ועודד בארץ הקסמים (Live),4
"Láttalak, Hallottalak, Elkövetlek",4
La O Tura,4
Valami Folyjon - Single,4
Kabīrijas Naktis,4
#spamusic,4
Mia Koukkida Sti Mesogeio,4
Money Lisa,4
The Journey Begins,4
Ba2cada Presents Tsepe Tape Volume 1,4
וינה,4
Mid Tempo 'n House Mixes,4
Folkšokas 2,4
في الملكوت,4
מילים מילים,4
Ita ita ita la ea,4
אין גמלים בבאר שבע,4
אין גמלים בבאר שבע,4
Spins,4
פעם אחת,4
Valahol,4
Dabartis,4
Torn (EP),4
Sauce,4
Tauriņš,4
Dior,4
"Train Mind in Tibetan Temple - Asian Zen Meditation, Healing Activation Sounds",4
Saladus,4
Miss Me,4
La Mami,4
Márton Stummer - First Step (Solo and Chamber Pieces for Guitar),4
Intensions,4
Hell Is Coming Home,4
The Power,4
30 years Shturtsite,4
Még várj,4
Skyline,4
Põhjatuul,4
Tas Crazy Pamišęs Pasaulis,4
Naktī (feat. Pēteris Upelnieks),4
Naktī (feat. Pēteris Upelnieks),4
XIII Priežasčių,4
Mano Chi,4
Sexy Funky House Grooves Vol.3,4
Olga Un Violetais Lielvārdes Koris,4
4,4
Skats Uz Labāku Rītdienu,4
Keista Draugystė,4
Insomniac,4
5678,4
Riga Nights,4
בדרך למעלה,4
Don't Ask Me Why,4
"Rue du musette, vol. 4",4
الف شكر لكل خاين,4
E3mel Nafsak Men Benha,4
Бесните Кучета на Блуса,4
GoleHom,4
Guide Me Home [Remixed],4
Rap the Shit,4
Our distant galaxy,4
Метаморфозы,4
Massage Music,4
בום בום,4
József Simándy: Operettrészletek,4
It's Alive,4
Bulizzunk Ma Együtt,4
Lounge Ambient Music,4
Lounge Ambient Music,4
Ya layale alshok,4
Come My Way,4
Stați Acasă,4
Unde Ai Fost Pana Acum?,4
Paris:Pinocchio,4
All Things Major,4
"No Fear, Full Of Love",4
המאה ה-21,4
Revolt,4
זמן טוב (Live Remix),4
שעות נוספות,4
Lukhanji,4
Arabela,4
1000,4
أقولها بفخر بالعود,4
20:55,4
Broken Vows,4
Ayta Khribguia,4
מראות,4
Covid - 19 Prayer,4
Party 2,4
Tule,4
Iki Tavęs,4
Sengihleli,4
Stamp,4
Az utca álma,4
אור חדש,4
ווילגאמה,4
מילמולים חסרי שליטה,4
Iphumule Meeokho,4
Pelicule,4
Лятна жълта рокля,4
"Spa Massage and Deep Relax – Spa Dream, Spa Relaxation, Spa and Wellness, Calm New Age Music, Relaxing Background",4
Baietii XXL,4
50 Greatest Piano Relaxation Tracks,4
שירת הלב,4
Daddy,4
Daddy,4
State of Soul,4
Torņiem un Ielejām,4
Uranus,4
Dabada,4
Ana Kanbghik Ana,4
Kounna w Kountou,4
Kati San Mania,4
Dark Horse,4
Banyathelwa Imbongolo,4
Mbita YA Vovo,4
No Nonsense,4
Tuman,4
Viata Mea,4
Furcsa Évek,4
קח את החיים בקלות,4
saraha raha,4
Truly deserved,4
Taurai save,4
Rezerves Variants,4
חוט שזור,4
Yep/ No,4
До утра,4
Dzīve pēc grāmatām,4
וייבים,4
Palms Van Hoop,4
Thank you & Fuck you,4
Galbi yaachak litima,4
Iarna Mea,4
All Together,4
My parents went to Eldorado and all I got was this lousy Cadillac,4
We Should Stay Here Forever,4
Doom Dee Doom Dee,4
Trīs vārdi miegā,4
Doom Dee Doom Dee,4
Trīs vārdi miegā,4
"Tev, mana labā",4
G-Park Genius,4
A büszke,4
Mahragan El Shawargeya,4
# Relaxing Nights,4
amárkádcsakÉnleszek,4
Gitarren klingen leise durch die Nacht,4
Spqr,4
Gitarren klingen leise durch die Nacht,4
Spqr,4
Uued Ootused,4
Voi Canta,4
Wind,4
Four Sisters - The Picasso Tunings,4
Yom Yomaim,4
Iingqondi Zenkcubeko,4
Be Here,4
מרגע לרגע,4
Ixoki Libonamaxoki,4
When We're Old (Jovani Remix),4
"Mida Sa Mögised, Mees",4
Stimmungsvolle Weihnacht - Piano,4
Start,4
Start,4
Kitartás! I Love You,4
Dda\va III,4
Sebony,4
Movements,4
The Last Men Standing,4
Nagyapáink Útján,4
Füles Mackó visszatér,4
אהבה וכישלון (Alternative Version),4
In Your Eyes,4
Bhakti Wave: Give My Life,4
Az ördög három aranyhajszála,4
'01,4
SAD (Aidin Caye Remix),4
Audi,4
לב רעב,4
עובדים בכביש,4
Tėvų Dainos,4
Последият,4
18Lepto,4
N.S.A,4
Európa közepén,4
Hazaérsz,4
Ananda 4,4
Krav mi kape ot sartseto,4
Földanya Égapa,4
Soli Tuvāk,4
Zulu Bangle,4
Énidő,4
Лични теми,4
Your Dad's Banjo,4
Carry On,4
شطبنا المشروع,4
Neer Vendum Jesus,4
شطبنا المشروع,4
Neer Vendum Jesus,4
Ne Maradj Otthon!,4
Les Moutons Noirs,4
Miljons (Remix),4
I Miss You,4
All Girls Are The Same (Visos Panos Vienodos),4
Падаш - Ставаш,4
Prayers of the Soul,4
"Rendhagyó Prímástalálkozó, Vol. 2",4
الكاس يا الكاس,4
Myazisto Remixes Stay True Sounds,4
תן לי שלאגר,4
KAti,4
Stof Tot Stof,4
Disco,4
Thembalami,4
"Love Obsession (feat. Mimis Plessas, Kostas Konstantinou, Christos Assonitis & Natasa Bofiliou) [A Jazz Sensation II...]",4
Sun Is Down,4
Slattier,4
Slattier,4
Makijrane by Oudaden,4
באה לי טוב (Remix),4
Ebtehalat Wa Tawasheeh,4
Saint Loneliness (Softbeat Remix),4
רומנטיקנוס,4
100 Degrees,4
Parti Nagy Lajos: A pecsenyehattyú és más mesék,4
Mingi Kukk on Mu Bmws,4
Debesėlių Pily,4
Mutaka,4
Felhők,4
עספור,4
Hits 2020 Workout + Fitness,4
מגע הקסם,4
RHAB,4
Sounds of the Cosmo: Mystic Music for Calmness and Exploring Meditation,4
رابع وتر,4
1919,4
رابع وتر,4
1919,4
Patience,4
Iwotshi,4
Jólaævintýri,4
Én,4
Fei Mea,4
O Mamele Thapelo,4
Un Montón de Estrellas,4
Pēdējie bohēmas akordi,4
You Are God,4
Breaking the Line,4
Near Life Experience,4
Cantec de Copil,4
Bliksoldaat,4
מיון,4
Welit Nesmaâ L Oum Kaltoum,4
Cantare Surf / Nulla e Finito,4
Winter Tale,4
Very Best Of (Live),4
Pa Da Ba Da,4
Frohe Weihnacht,4
Jam Tracks in F# Minor,4
15 Aastat Haigusi,4
Mirusio žmogaus kelionė,4
Ra Kgetha Wena,4
Édesmindegy,4
Ra Kgetha Wena,4
Édesmindegy,4
מה עבר עליי,4
Pussy Troll,4
Nou,4
Razboi,4
You Make Me so Crazy,4
Arcod Előtt Dráma,4
Debel,4
Jukebox,4
Tunyogi Péter emlékkoncert II.,4
Adrekna Ya Allah,4
Forever,4
5 Bananas,4
ילדות קשה,4
If You Want to Boogie Forget It (Аз Танцувам Буги),4
בא לי,4
The Sparrows of Merrit Island,4
Modimo Wa Bo Ntata Rona,4
Miks Mitte?,4
Warda,4
Valami változik,4
UTAZÓ,4
Avant Garde,4
Összezárva '89/'99 - Sztrájk,4
Jāņtārpiņi,4
Baad Elly Ma Benna,4
L.P.W. Do S.,4
Ukufa,4
Slow,4
Mozart,4
Яка е жена ти,4
Compilation Vol. 5.,4
Bez Pravila,4
Sourate Al Kahf (Quran),4
New Light of Myanmar,4
Abuse,4
Túl jó,4
Tahan Sind Praegu (Pwang!riddim) [feat. Okym],4
Grand Club,4
<30,4
"شيلات علي البريكي, Vol. 9",4
אידה תטופני,4
Do You Feel The Same,4
Reach,4
Annai Oru Dheepam,4
Nightmare,4
2011,4
One Day We Will Die,4
Lambo,4
KAK TAKA USPQ,4
Ye5rbet El Halawa,4
Luxexpress,4
Kivánlak,4
Mr. Comandante,4
What I've Been Told,4
Temporary Cures,4
Karszalagok,4
Raimonds Pauls Korim,4
SYBA,4
Out the 6,4
"Mi, Rendes Emberek",4
Bet,4
I Come from the Future,4
Имам изненада,4
Umpalakazi,4
מה שבא לנו,4
Gadu laiki,4
Deset Bonbona,4
Hey - Single,4
Note1,4
תשע נשמות (רמיקס),4
Baltic,4
Pofta Buna,4
חלוצי החלל,4
Mouwatin Maladi 6,4
Ördögi kör,4
Legszebb Péntek,4
הגשמים והרוחות,4
Mulassatok Cigányok,4
Popkarácsony (Karácsonyi Dalok),4
Siirius,4
Revolutio,4
Delay Vse Sam,4
Beau Sampanie,4
Baile,4
Coalition for Mental Defrosting,4
M.A.G.,4
Indián Nyár,4
Sinine Platoo,4
Kamo Mphela (Bonus),4
Zarándokének,4
XII Lambskins,4
Felo and Zizo Alnouby Collection,4
No Other Way Out,4
"Mario Golf: Toadstool Tour, The Themes",3
"No No No, I Don't Want to Go to Bed",3
Magic Snowman,3
Count to 20 Song,3
"Dream Aria (Main Theme Var. From \"Genshin Impact\") [Orchestral Version]",3
"Aari Aari (\"From Jackpot\")",3
Calm Noises For Tuned-in Chillout Evenings,3
Holly Jolly Christmas,3
Flex,3
El beso de judas (35 Aniversario En Vivo desde el Domo Care),3
Asmr Sleep (Ultimate Triggers Reloaded),3
Thicky,3
El Micha: Concierto (En Vivo),3
"! !\"# Forecasting #\"! !",3
Dominance (Leadtowill Remix),3
Study LoFi,3
12 Natural Ambient Rain Tracks - Great White Noise for Sleep,3
"! ! \" - Downpour - \" ! !",3
MONEY,3
Set Me Free,3
Bgm for Dreaming,3
Nu Stii,3
Láss - EP,3
Hush (Highleef Remix),3
Hungarian Retro Music / Weygand Tibor,3
Sleep Ocean Waves,3
Papapa,3
Exafanisou,3
Celine Gibassier,3
קוץ ברוח,3
Kokteilis,3
Lūgšana (Baltie Ziemassvētki),3
Saturnine Moon,3
Buttercup,3
רק איתך,3
Ltd,3
Canvas,3
laukiamasis,3
Rytmečiai,3
Edin Sreshtu Drug,3
Kainah Draivah,3
Christmas Instrumental Playlist: New Relaxed Arrangements of Classic Christmas Songs,3
Meitenes vel pasakam tic,3
Забывай,3
Пайнер Хит Сезони Пролет - 2015,3
Empress of Devastation,3
הקול שלי,3
Nõiaring,3
Álmatlan,3
Skaiti Līdz Miljons,3
Angyalok mosolyogjanak,3
Time to Shine,3
"Kuule, mees!",3
Katski karat kängä',3
VISUR SKAN,3
Mēs nekļūsim par cūkām,3
Choices,3
Kartais,3
Sounds Like a Dance Party but No One Is Dancing (Special Edition),3
Soup,3
Return To Serenha / Playa Mansa,3
Ārpusē,3
Chicago,3
Gyere Közelebb,3
Hlqb & Amfeti,3
Potuvam,3
Ghorba,3
Can You Feel It,3
Dve Lica (2 Faces),3
Trio *Obis,3
Искам само теб,3
Nauja Istorija,3
TOKYO,3
Mahragan Bonbonaya Di Sokar,3
"Marci Klassici Festa 2013, Vol. 1",3
Bads,3
Another Lover,3
XXL,3
Kinek hiányzom (Remix),3
WOW,3
Bad Intentions,3
Доктор Ох Боли,3
Enzaha Chaabia,3
Unemployed lovers,3
Wasted,3
Нищо,3
Miafa,3
Rózsaszín Álom,3
Heavenly Moment for Working at Home,3
Strides,3
Bounce (Prod.8Kambarys) [Original Bounce],3
Horoskopi,3
Veselo shumiya,3
Taxo,3
04:49,3
Leily Tal,3
Ahwach Ntfarkhin (Ljant Ilmalayk),3
Хищници,3
El Shaheed,3
Labākā dāvana,3
Fasma,3
Refulari,3
فجأة افترقنا - محمد عصام,3
Ахат Live,3
Mūza,3
Избрани песни от Христо Ковачев,3
Παντρεύω τη γυναίκα μου Νο1,3
Golden,3
Rakiq (Freestyle),3
TRUPKI,3
Tusk. Unemployment. Wretchedness.,3
"Christian Piano Meditation (Musica di preghiera, Culto strumentale, Solo con Gesù, Pianoforte spirituale)",3
Seek,3
Gotina si,3
Dragoste Neinteleasa 2,3
Завръщане,3
Soulstealer,3
We Live for Love,3
Tebe X Mene,3
Is This Love,3
"Latvijas vēsturiskie skaņu ieraksti, Vol. 2 (1931-1940)",3
Herman`s Wolf Band IV,3
Kettőfél,3
תדבר,3
مهرجان وش غضب,3
Rainy Days - Deluxe Lounge,3
Crickets Empire II,3
Banditos,3
Išėjusiems,3
De Gëllene Stull,3
Global Beats EP,3
Става ден,3
"Alo, devoykite",3
Lucidity,3
Laiks Iet,3
Agil,3
Halfway to the Moon,3
Starsea,3
Autentiškai Gilus,3
245LÓ,3
Breathe In,3
Одержимость,3
Villa Kunterbunt,3
חומרים רעילים,3
The Mad Ones,3
Ș.A.M.D.,3
VGT,3
Mumikam ot Trollikov. Pospi rock-n-roll,3
Miért Pont Én?,3
In Spate la,3
Ekhtar Makanak,3
Trippin'u Bahamuose,3
Maradok A Régi,3
Инь-ян,3
Варяги,3
Mohamed Abd El Wahab,3
Bedyit Atyab,3
الصاحب السكه,3
Iskam da sam golyam,3
Porn Queen,3
Youm alkhames,3
Party Up,3
Tagasirändur,3
"MADARAW MIXTAPE, Vol. 1",3
Starfactory - Musical,3
Pastra pletenitsa,3
Tule Mu Järgi,3
Day by Day,3
مهرجان الشر جالكم 2,3
Mahragan 2ad Ay 7ad,3
Troon,3
Mysterious Lights (Airship81 Rework),3
Juan Ratón,3
Politikus/Gengszter,3
Ще ми гледаш гърба,3
Burvis,3
Prince Men Youmak,3
Sacrifice,3
A Nevem PG,3
A Nevem PG,3
Aš Pasiilgau Tavęs,3
Uzvara ir dzīslās,3
Örökké,3
Un Nou Inceput,3
Zwee-Toun Ska Punk,3
Car,3
Alabama,3
Notice You,3
"Regesh, Vol. 9 - Uvo Letzion",3
El Wada3 Ya Habibi,3
Playas Anthem,3
Kevés,3
Raw Shit,3
LP,3
Goodbye,3
Durvis pilnas ūdenskritumiem,3
Black Moments,3
Sugar vs Moo. Pirmas roundas. Tema: neužteks,3
Павел пшенов (Freestyle),3
Trepis Iz Nakurīni,3
Trepis Iz Nakurīni,3
Vīzijas,3
Tukša Baterija,3
3 ... 4,3
Red Wine,3
Cancionero Musical De Palacio: Music of the Spanish Court,3
Hype,3
"Take Over (From \"Persona 5 Royal\")",3
Цвят лилав EP,3
Teka Naktim,3
God Breed,3
Playboi,3
"Mahanavami Special Songs, Vol. 1",3
Chees-Y,3
About You (Après & Ros T Remixes),3
Die schönsten Volkslieder,3
Lazem Naftara,3
تحت القمر,3
It's Fine,3
Võõras,3
Half Time,3
Half Time,3
עתיד לבן,3
Rāmais Prāts,3
Raba,3
El Shar Elly Betamel,3
N64,3
Kedvenc Színem,3
Centerwise,3
Pillanat,3
To the Summit,3
Armastus Eesti Moodi,3
הסוף המושלם,3
Should I Run,3
Debil,3
Врёшь,3
Sourate Al Baqara (Quran - Coran - Islam),3
Secret Place,3
SPRINKLES,3
Dai Cu Mine de Pereti,3
Obicham ta,3
Fara Tine,3
"Pál Apostol (Utazás Téren, Időn És Hangokon Át)",3
Bučiniai,3
Kellega ma tutvusin?,3
Овъртолихме се,3
Noir,3
Gaamed,3
Perdersi,3
Libiseb Käest,3
חלום קטן קלאסי,3
... Így,3
نور الشمس,3
Always the Same,3
BLINK OF AN EYE,3
tükid mu hingest,3
Én Még Ma Meghalok (Underground Katalógus),3
הלילה,3
Whoopty Type,3
Egyszer még...,3
Drop That,3
Sober Man,3
Как да Ти благодаря,3
Forgive,3
Чужди усмивки,3
Apie tave galvosiu,3
Falling,3
Ostor Ya Sattar,3
Vihar,3
Šešėliai,3
Like Me Now,3
70 години Йосиф Цанков,3
Kas Sa Tead?,3
Meiles Nebus Per Daug,3
Τα Μαύρα Άσματα,3
Τα Μαύρα Άσματα,3
Barometras,3
تسجيل جديد للقداس الإلهي بصوت أبونا موسى رشدى,3
Dickens: A Christmas Carol,3
בגדים,3
When a Brain Cries (Vocal Remix),3
Lūcija Garūta: Music for Piano,3
"The Emptiness, the Rage and Me",3
Nikoi (Acoustic Live),3
Mūza,3
Artificial,3
דורון מזר,3
Истинска жена,3
Tau Bet Kokios Sutemos Šviesios,3
Halloween Care Package,3
Instro Bistro Soul Sushi Vol. 1,3
לבד יותר מדי,3
Нашият сигнал,3
Baby Baby,3
Baby Baby,3
432 Hz (Deluxe),3
אני איתך,3
Uneskõnd,3
Es sevi radīju pats,3
Born In The Grave,3
Rwah azin,3
Bah,3
Ochii Tai Verzi,3
III,3
Stay Away,3
Баскетбольный мяч,3
Махленската,3
Heya Some Kind of Fish!,3
"Хит парад Радио София \"79 - Изберете",3
Da-i Pedala,3
Tavo Asmeninis Muzikos Tiekėjas,3
You Amaze Me,3
Your Arms,3
Doury,3
Sunset,3
30 Fényév,3
Al Kebr Ala Meen,3
Studio,3
Im Ninalu,3
Meen Alik,3
Apeluri Ratate,3
Schupeno Sartse,3
Cântece Pentru Copii (brass versions),3
Kingitus,3
"Limonada (feat. Zhao, Criss Blaziny)",3
Intriga,3
Joe Jack,3
Marikan,3
Apturēts Laiks,3
Before Christmas,3
Liar Who Fell in Love With Truth,3
Огромный динозавр в гавайской рубахе,3
Kur dzīvo laime,3
Baladna,3
El Farha Fe Hayaty Sa3a,3
Forša Dziesma,3
Zauarei,3
Ne Znaesh,3
Si Tous les Oiseaux,3
Ne Znaesh,3
Si Tous les Oiseaux,3
Million Miles,3
Iskash me,3
Kamama - كمامة,3
Días de Abril,3
Daru Sevi,3
Daru Sevi,3
צל עץ תמר,3
Užsimerksiu,3
BoomTrap,3
why do i always try,3
Summer Harp Music,3
La Revedere,3
Amžinai,3
The Future Memorials,3
بعد بيتنا ببيت كمان,3
את מנצחת,3
"היי, ברוך הבא",3
"היי, ברוך הבא",3
Riviera,3
Shte se zaribish,3
Policists (feat. Nikolajs Puzikovs),3
Saint Cloud,3
EP1,3
Papaya,3
Rain Therapy,3
Meg Mindig,3
I Thlipsi Kanei Diakopes,3
Psycho,3
# Bouncy Nursery Songs,3
Printre Voi,3
Iš taško A (Jazz Version),3
Christmas Cuts Vol. 1,3
Tutorial,3
Истинное зло,3
Day Dreamin',3
Каймака,3
KÖZTÜNK LILIOM,3
Dobro Utro,3
El7eta Leha Wdan,3
Shams W Amar,3
No Feelings,3
Zeme,3
Bolts susātivs,3
Zeme,3
Bolts susātivs,3
Miks sa murrad mind,3
Another Mistake,3
Beyond the Mountain,3
CODEX FAENZA,3
! ! ! ! / Rhythm \ ! ! ! !,3
Future,3
עושה חיים,3
По-силна ставам,3
Vorbei,3
"Coding, Lofi Hip Hop Beats",3
Sirena Beach,3
Kažkaiptai Nejuokinga,3
As' Ta Dyskola Se Mena,3
Fericirea ta ma doare,3
Pasakojimai Apie...,3
Talk About Us,3
מה שבא לאט הולך מהר,3
A1 Magenta June / B1 Doesn't Get,3
Mindless Thoughts,3
Пайнер Хит Сезони Пролет 2016,3
Jupiterz,3
Zöldhullám,3
Zöldhullám,3
"Qum, Dur u Iżfen",3
The Boys Are Tight,3
Revelation,3
Keep Running,3
On est là,3
Palauk Dar,3
Sometimes I Loved You Sometimes You Loved Me,3
Romantika,3
Sleep,3
ألبوم ردلي روحي,3
Takaró,3
NO CAP,3
Ябълката на раздора,3
Аиша - Гриша,3
Аиша - Гриша,3
Vizsgaidőszak,3
Viegls Pulss,3
Bulgarian Folklore Music,3
Reset the World the Album,3
"Balkan Fresh Hits, Vol. 2",3
Still Got Fight,3
Amore (па-беларуску),3
Tu Mana Vintage,3
Обич,3
Down in the Valley 2,3
Down in the Valley 2,3
مهرجان سبع فركات | مهرجانات 2020 - اغاني 2020 | حمو بيكا | سوري اجمد اعم الطري (Original),3
תשליך,3
זמירות ציון חלק ב,3
Astrology of EU,3
Edrabt B Kef W Khamra,3
Edrabt B Kef W Khamra,3
Мойта доза,3
Chugnus,3
Do Posleden Chas (Till The Last Hour),3
Albumas Iš Ateities,3
את שבתמונה,3
"Paveikslas, Tapytas Aliejiniais Dažais",3
Firefly,3
Precious,3
Изход,3
Izbrano (Selected),3
Effortless EP,3
Pienvedēja piedzīvojumi remixi,3
Laternu Stundā,3
Härmalõngad. Valik Tõnu Raadiku talvelaule,3
Russian Drum-N-Bass 001,3
Kosulys,3
Grand Collection: Сергей Крылов (Лучшее для лучших),3
V raya,3
V pet mi zvanni,3
Blessed Nature Spa Massage,3
Lover Number 1,3
Daydreamin',3
Sunset,3
Brain,3
Kicsilány,3
Vina,3
A Magány Körbezár,3
Dark is Bright,3
Nebula: Pain,3
Uz Zaļumballi,3
Украла мой покой,3
Украла мой покой,3
Квартала,3
Безчувствен,3
H2o,3
Pašbūšana (Vēstules II),3
اغنية صاحبها فقد الامل فالحياة,3
يونس,3
يونس,3
Come See (Raw Versions),3
Sare Clubu,3
5 Septari,3
"Nu ar Dievu, Vidzemīte",3
100 De G-Uri,3
Unikaalne,3
Textures,3
Asho Harb,3
Мойто Си Е Мойто,3
Emlékek,3
Emlékek,3
Fontana amorosa,3
Давам се целия,3
Mikro Paidi,3
Tibetan Echoes EP,3
Vártam,3
Fe Zamana,3
RAISED BY THE SHADOWS,3
All Alone,3
Ja Sa Näed,3
Вълкът и 7-те козлета,3
44,3
Május gyermekei,3
0 Regrete,3
Има такъв народ,3
Rain,3
Show You Why - Single,3
Dobro Momche,3
Oli Nos,3
Hálaének,3
Bunte Blumen,3
Still Browsing,3
V Moej Golove,3
Ако можеш,3
Ramas Bun,3
Le DIM,3
זמן,3
Hell in Stereo,3
Трябва,3
Missa a cappella 1,3
Contemporary Colours: New Music by Maltese Composers,3
Contemporary Colours: New Music by Maltese Composers,3
Anche quest'anno è già Natale,3
Kolla Nhar,3
Music Music Music,3
Work,3
Dziesmas Rīgai,3
Dziesmas Rīgai,3
Mūsų Misterija,3
Ja sam tvoja sokolica,3
Girl on Fire,3
Blue Nights,3
THE COME UP,3
Nu M-Agit,3
Punk Occupation International #4,3
"Fracture (From the Midtown Clip as Featured on the TV Show \"RightThisMinute\")",3
Speed'n'Roll,3
Bones,3
Mozart: Orchestral Works (Live),2
Air Fa La La Lo,2
Westering Home,2
Love Is Not Enough (Hybrid Minds Remix),2
Kgamilwe Ke Joy,2
The Chevy,2
Heads Shoulders Knees and Toes (Party Song),2
The Sun in the Sky is Round and Yellow,2
Rain Rain Go Away - Playing in Puddles with Friends,2
Bingo (Farmer's Dog),2
I'ma Do It,2
Audio for Chillout Vibes,2
! ! ! ! ! Beware ! ! ! ! !,2
Joyful Christmas Time with Relaxing Tunes and Winter Woods Sounds,2
Mind,2
Sona Ugle Meri Dharti (Hindi),2
Ultimate Ball & Chain,2
Selected White Noise and Ocean Music For Hard Relax,2
Thullatha Manamum,2
Volume Five,2
Si Nammurate,2
Bravo,2
Reserva,2
I'm on Fire,2
Deg Man Benja,2
Pablo,2
Explorations,2
Mirishesh mi na Sex,2
Mans Džems (feat. Salvadors daLean),2
"Cozy Lounges, Chill Out",2
Убий ме,2
На аванта I,2
Fragmenti,2
"Eesti Jazz 70, Vol. 2",2
Smile,2
Flowers of Love,2
Mami,2
someone that sees me,2
Mental State,2
9,2
Music for Sale,2
Kõrgel,2
Moderns Prieks,2
Watercolor (Акварел),2
Happy Being Dead,2
"Staying Healthy, Jazz Duo",2
Critical,2
Baa’d Elbiban,2
Welcome To MIAMI 2014,2
Homege to Ella Fitzgerald,2
Karstas Dejas,2
Break of Day - EP,2
Хиляди парчета,2
دوكه,2
Chao,2
Pakikale,2
Type X 2016 (Remix),2
Fortress,2
Only Heart Prayer Is Needed in a World of Bad Trip,2
WYA?,2
Put Baby To Sleep,2
Ezers,2
Loco,2
Codeina 2,2
Kind of Time,2
Vegetaras,2
Tarkšķi Ganos,2
Mans La La,2
Ma Tahaksin Kodus Olla,2
Music Stuff,2
Love Juice,2
Freedom,2
Live,2
Houdini,2
Онези думи,2
Some Other Me,2
It Will Get Better,2
Bgm for Working at Home,2
"Morning Reflections - Calm Nature Sounds, Mystic Journey, Gentle Music, Moment of Peace",2
Some Things Never Change,2
Dzīves karuselī,2
Златен Ритон,2
Hegemon,2
Doves,2
Man Nesvarbu,2
Everything Is Temporary,2
Фантомы любви,2
La prima volta,2
Indriķa Hronika,2
A Child With a Broken Soul,2
ClubMurder,2
Изгубена,2
Oota Sa,2
Screams of the Soul,2
твърде рано.,2
Juzz Qad Sami (Quran - Coran - Islam),2
Spaceman,2
"Soundbar Deluxe Chill Lounge, Vol. 4 (Best of Ibiza Chillout Ambient and Downbeat Tracks)",2
Atmoda,2
Дождь по глазам,2
The Golden Orpheus - XXVIII International Festival for Bulgarian Pop Music,2
Oblache le byalo,2
Confluence,2
Naked in a Dress,2
Mahragan Mosabet Shar,2
Paranoja,2
Ελαφρό Τραγούδι vol.1 - Greek 40's - 50's mixtape,2
Дявол,2
Белые дороги,2
Game Changer,2
Shtastlivo vlyubena,2
Dancing for the Lost Cause,2
Ceremonijorķestris,2
Undefined,2
Tsakra,2
Labai norėčiau,2
Colours of Another Sky,2
KAM,2
Contact,2
Дежавю,2
Monami,2
Cali,2
Вече е платено,2
Maikuu Näärid,2
Ostoitīs Veikals,2
Pray.Crawl.Suffer,2
Home Voices,2
Polārzvaigznes Krīt,2
Vakanz,2
Acrophobia,2
Kummuli Kaheksa,2
Nebelipk,2
Satelīts (Kashuks Remix),2
N.o.,2
Squatten an der Quarantaine,2
"Ma Balaha, Pt. 2",2
Int U Jien Dal-Milied,2
Koitakse Me (Remix),2
Music for Working at Home - Sprightly Guitar,2
Hold You,2
"Tumša Nakte, Zaļa Zāle",2
Изморен,2
Neka Vali,2
Btmel,2
Soundscapes for Staying Healthy,2
Winter Drive,2
The House (Live),2
Very Cool People,2
Dziesma 2000,2
Circus,2
Vsichko zabraneno,2
Mans Ceļš,2
"Безупречный джаз: Кофе, Вино, Кино, Романтический джаз для незабываемого вечера для двоих, Ночные ритмы, Русский Топ 100",2
Boop,2
И аз съм тук,2
Kuš,2
Zhelezen,2
100 Zlatni pesni 5,2
Jama,2
Am I Mad?,2
Painkiller,2
TXHINE,2
Fashion Love - Music For Shopping Malls,2
Just Chill,2
Ideoloģija,2
Suvetuul,2
Beating Self With I,2
"Flute Exam Pieces 2014 - 2017, ABRSM Grade 2",2
Ilza,2
Bgm for Weekend Relaxing,2
Aishiteru,2
Parema Elu Nimel,2
SOAP,2
Three Legged,2
Manchester,2
Mazcenas Mobīlais,2
VEE ALL,2
VEE ALL,2
Beyond Reach (Live),2
Bgm for Luxury Resorts,2
I Feel Bad (Acoustic),2
Für Koroona,2
Вуду,2
Massacre Masterpiece,2
Картина,2
Venom,2
Venom,2
Дириндака,2
Leļļu Dziesmas,2
Džiazlaif,2
Birth,2
Mafiot,2
Songs of Fame,2
Songs of Fame,2
Nana,2
Piy edno,2
Devil and Men,2
توينكيز محشي بفانيليا,2
Witch House,2
Vanapoisi Reilender,2
Feelings,2
Tik Aukštyn,2
Kus Oleks Ma,2
Обгърнат,2
35,2
Product of Payday,2
The Light (with Righten),2
Ta Paliopaida,2
Сив бог,2
Ziemassvētki manā ielā,2
Ziemassvētki manā ielā,2
Smmr Nights,2
Bademeister,2
Dejo Ar Mani,2
Cadaver,2
Nospele Manu Dzivi!,2
Materialiste,2
FML,2
Tā es Tevi mīlēšu,2
Тебенебо,2
Brīnišķīgā satikšanās,2
Nafta,2
Islands,2
Space,2
# Rainbow 123 Rhymes,2
Split 2011,2
Anna Teed,2
Atnākšana,2
Ära sina võtku pikkä naist,2
Fanal III,2
Multiverse,2
Месия,2
Рока Лака,2
След 100 години,2
628 (Live),2
TheM,2
"Contemporary, Family Time",2
No Crazy,2
Signpost,2
"Chill Lounge, Vol. 2 (Best of Smooth Chillout and Downbeat Tunes to Relax)",2
Има ли начин?,2
No Surrender,2
Unreal life,2
Putni bez spārniem (Akustiskā versija),2
Putni bez spārniem (Akustiskā versija),2
"Академия беременных (Спокойствие, Медитация и йога, Контакт с малышом, Спокойные схватки и роды, Расслабляющая музыка, Массаж беременной)",2
DRedd@ (Freestyle),2
БГ Модела,2
Sta Misa Tou Dromou,2
Mystic Sounds,2
Hello Again (Original Mix),2
Party Alarm! - Edition 2017 (Inklusive d'Hits viir d'Fuesend an Apres Ski),2
Burn Da Mic Mixtape,2
Ces't La Vie,2
Амбиции,2
3'r2an,2
Drug pat,2
Super Turbo Underground,2
Atpūta,2
Today Is Tomorrow's Yesterday,2
Kiizu (Live at Hommik Anuga),2
Da si pravim shtastie,2
I Feel U,2
Jazz Piano Solo - Bgm for Remote Learning,2
Burn it Down,2
Дреме ли ми,2
حلاوة الدنيا,2
Soundscape for Healthy Restaurants,2
Aukstā Ūdenī,2
Real Girls,2
Do It,2
For Now,2
Breathtaking Ambiance for Hip Bars,2
Friendzone,2
Arba3 7etan,2
Stack Or Starve,2
"Haydn: Piano Trios, Vol. 2",2
...Ja Sahiseb Vikat,2
Cause & Effect,2
Tähetund,2
Cold Cave,2
Shaltasis Vievis,2
"Staying at Home, Jazz Trumpet",2
Mahragan Thabet We Sa3b Tehedeny,2
Divpadsmit Dziesmas,2
Atmosphere for Remote Work,2
Ir Viskas Bus Kitaip,2
Move Your Body (2k14 Remixes),2
Kilimanjaro,2
2 Souls In 1,2
Mislish Li,2
Brass Hop,2
Aktiv 1 - Labas mūzikas izlase,2
مهرجان ميكانيكي نسوان,2
DNR,2
Зритель,2
Kaut Mazliet,2
Hh,2
Gyola Boys,2
Gyola Boys,2
Päästke Noored Hinged (Club Remix),2
Min Hu Dat-Tifel?,2
Sky of the City,2
Mambo Influenciado,2
Chillout Summer Session Vol.9,2
Sorrow,2
Без въпросителни,2
Bez vaprosi,2
Eco - Teleporter,2
Intentions,2
Bai Bye,2
Ei Hooli,2
Tas Piederēs Man,2
Минуты тишины,2
Живея,2
Droplets,2
Bouge,2
Nur Trap in den Charts,2
Destructive Chaos,2
Vasara Liek Man,2
Music for Five Star Hotels,2
Sāls un pipari,2
Hush,2
In Ragged Times,2
غوريلا,2
Lācis (Mart Inc. Remix),2
Music for Cooking at Home,2
Saliami Postmodern,2
Дочупи сърцето ми,2
To the Top,2
Segamini Maailm,2
Long Ago Far Away,2
Back to the Bluezzz,2
Music for Summertime,2
Pueblos Blancos,2
Ja Tu Mīli,2
Vendetta,2
Веднъж,2
Мойта схема,2
Lõputu,2
Sinhronais tulkojums,2
Te nav Amerika,2
Птица в клетка,2
Формула движения,2
Law Qalbak Gaybak Hat Habaybak,2
Просто те обичам,2
Leo Gang,2
Es domāšu par tevi,2
Вдигни си телефона,2
Feggari Gemato,2
Няма да те бавя,2
In Memoriam (Funeral Marches),2
ДА ДА ДА,2
Indifference,2
Model X,2
Patrona Civitatis,2
Miasto I Vreme Remix,2
Suur Loterii,2
El Haram,2
OLEVALMISVASTUTAMA,2
Puisēni no zvaigznēm,2
The New Age Collection,2
Килиманджаро,2
24/7,2
Nebesikalbam,2
No Sākuma (Dod Vēl) [feat. Elfs],2
Instinct,2
Идвам,2
Primary Series Ashtanga Yoga - The Guruji Jois Traditional Method,2
Sulle,2
Essência,2
Crown Of Seven,2
Crown Of Seven,2
Salciute,2
The Great Firewall of China,2
Tik Drīz,2
Another Dxy in Paradise,2
White Melodies,2
Mirage,2
Tvoya ot A do Ya,2
Морис Аладжем - Избрани песни,2
Lale,2
Lai kas arī nenotiktu,2
Draudzība,2
Skaudība,2
Montserrat,2
II,2
Akmary,2
Dunkirk (Rendition),2
100 Zoes,2
Fucus Vesiculosus,2
Smoke Sum!,2
يازمالك يا وطن,2
Vodopad,2
Ork Fakulteta,2
Tevis Nekad Nav,2
Прегърни ме,2
"Tu, Kuris Aukštai",2
High Class Music for WFH - Piano,2
Marathon,2
If You're Loving It,2
"2016-2020, Vol. 2",2
Solijumi.Pied.Oshh,2
Dixan,2
60 aastat Tehnikaülikooli Akadeemilist Meeskoori,2
Shenron,2
Kif Se Nagħmlu 'żiż?,2
Favorite Songs of Michael Tanich. Part 7,2
"Eyes in the Stars, Life in the Mud",2
Responsible,2
Ikkatru reiz`,2
"Latviešu leģionāru dziesmas, Vēsturiskie ieraksti (1941-1943)",2
Sm3t Kalamkom 3any Live,2
Dzelzsgriezējs (Mart Inc. Remix),2
Laura,2
Zavinagi,2
Boli Ma,2
Castles,2
Vitols: Dramatic Overture / Fantasie / Spiriditis / 'Autumn Song',2
Crickets Empire III,2
Cellohell,2
Cellohell,2
# 1 Album: Calm Ambience,2
Balts Un Melns,2
Expectations,2
No Time To Play,2
Eclipse,2
water,1
M-Dox,1
Good Night,1
Going to School Song,1
8am in juneau,1
"! \" Thunderstorm \" !",1
! ! ! ! ! Intense ! ! ! ! !,1
! / .-{=Relaxation=}-. \ !,1
! / .-~Calming~-. \ !,1
! ! ! ! ! Bellow ! ! ! ! !,1
Zat You Santa Claus,1
Harry in Winter,1
The Lights,1
No Drip,1
Desire (Charlotte de Witte Remix),1
Fallen Angel (Remixes),1
Fallen Angel (Remixes),1
Shhh Mama Is With You Dear My Love,1
Shhh Mama Is With You Dear My Love,1
Pull Up,1
Miss You Like Crazy (Acoustic),1
Winter Sounds,1
! ! + Thunderstorm + ! !,1
39 Jungle Wildlife,1
39 Wet Skies,1
39 Binaural Rain,1
39 Thursday Thunder,1
39 Forest Wildlife,1
5 Minutes,1
Last Christmas (Acoustic),1
Glamuuripidu,1
"Акустична сесия, Vol. 2",1
TEN,1
Mir Loossen Et Brennen,1
Get Up,1
Target,1
Nobody to Love (Acoustic Version),1
Аз съм ти си,1
I Can't Breathe,1
Kõik Mis Ta Kirjutas,1
Fulfill the Order,1
Räpina Jack,1
Viimane päev,1
Karnivajrus,1
Püsimatu hing,1
Baltaks top viss,1
Amygdala Hijack,1
"Chakra: Center of Energy – Balancing Zen Meditation, Calm Mind, Body & Soul, Healing Music of Nature, Yoga, Transcendental Mediation, Reiki",1
Трите песни,1
Etnorokkmuusikal Salme,1
Romana varonis,1
Private Suite,1
Puzzle Pieces,1
Top 10 Symphonies,1
Istabā,1
Spēj to Saredzēt,1
José,1
Somebody Has to Die,1
Karuselis,1
Mind and Soul,1
Sometimes,1
His Bastard's Noise,1
Jokio Flexo,1
Stranger,1
Muļķības par dvēseli,1
Loveless Man,1
A Man`s World,1
Порридж,1
Червената Шапчица,1
Niehdu Buzz,1
Ja Snieg,1
Sassis,1
Latina,1
Atoms,1
"Sommeil profond thérapie - Prévenir l'insomnie, Musique pour se relaxer, Éveil calme, Ne age pour des troubles du sommeil, Aide au sommeil",1
Samodiva,1
Arg Part,1
Constance,1
My Festival,1
Inside Out,1
Šlāgerputenis 03,1
San Tis Alles,1
Tautas Atmiņā Pied. Arstarulsmirus,1
Kulendan Kørgelt Üle Vee,1
Two Times,1
High Speed Chase,1
Ikuisten Unien Mailla,1
Cross Point,1
Life,1
More Than a Woman,1
Beautiful to me (Eurovision Malta 2015),1
Jūtu Evolūcija,1
Tasapainoo Freestyle,1
"Populāras latviešu dziesmas (1930-1944), Vol. 6",1
Kogato Nai-Silno Shte Boli...,1
Mustmiljon,1
Falling,1
I Say So,1
Пламнали Души,1
Deep House Lounge 2018,1
Pain Performance,1
Glory,1
Halali To Feggari,1
Big Dreams,1
Lai Naktīs,1
Ekskursioon,1
Break,1
Horror Vacui,1
Akkordeon Hits - CD 3,1
Milfo Paradiso (feat. Maxtract),1
Shiny Weather on the Baltic Sea,1
O Kathenas Ta Dika Tou,1
Labirints,1
J.V Rakkain Ystävä,1
J.V Rakkain Ystävä,1
Mantlikohvik,1
Hadi El Nour,1
Siren,1
Go Go Go Go,1
Legotrip,1
Nine to Five,1
Не могу,1
U.Nique,1
Lost in Time,1
The trip of Emotion,1
Elab Edasi,1
Ну и что,1
Qki Momenti,1
Wall,1
Bagchaser,1
Yolo,1
Nohu,1
All These Things,1
Fittixtek,1
Rīts Pieneņpūkās,1
Marginal,1
Peremat,1
Hei Sõbramees,1
Katk,1
Inter Omega,1
Ko tu no manis gribi,1
паранойя,1
Sinu Ees,1
Still Na$ty,1
Ninety Nights and a Monday,1
Sarivägistaja,1
# 1 Album: Sensual Lovers,1
slow mo,1
Golden Rose,1
ما كان باقيله شئ,1
Daļa mūsu kopdzīves,1
Püha Öö EP,1
Tifkiriet,1
The Dark Horse EP,1
Violet Noise,1
Lo Siento,1
Tribulations of the 3rd Rock,1
Võin Ma Tulla,1
Lase ööl end kanda,1
Soundtrack for Relaxed Minds,1
Sottapytty Ep,1
Sottapytty Ep,1
Distinct Instinct,1
Solo a Dois,1
Mul on Suva,1
Μάυρα Ηχεία,1
Tētuks,1
Kolm päeva tagasi,1
Relaxing Substance,1
Tähtede Poole,1
Hologram,1
Let Me Go,1
Hold On,1
Korallid,1
CNMTT 2.0,1
Qalu Li Raw,1
Eņģelis,1
Moon Princess,1
Dans ma chambre,1
Puujala ja Ükssilma Sõda,1
Jābūt Tā,1
miski pole enam see,1
Läbipaistev,1
Sul lubasin end,1
Open Your Mind,1
11,1
Sammalhabe,1
Addictive - Eurovision Malta 2014,1
Ilma Sinuta,1
Mees kes peatas rongi,1
Tõun,1
That Wooden House,1
Atzinas & Mazliet,1
Boys Don't Cry,1
Soulfood (Audioholic Remix),1
Closer,1
Aye Mazā,1
Ikdiena,1
Liblikad,1
EPocalypse,1
Dark Clouds,1
KPD-0,1
Dashing Bgm for Working from Home,1
Pärlipüüdja,1
Pärlipüüdja,1
Roads Taken,1
Disguise,1
Something Real,1
5 Tundi on 5 Minutit,1
Maailm On Hull,1
Inside Out,1
Kam Tu Klanies (feat. Sandis) - Single,1
The Mountain,1
Suu Puhtaks EP,1
Parimad 1,1
III.0,1
Las Jääbki Nii,1
Autumn Chill,1
Which One Is the Real,1
Üles ja Alla,1
Avotu Iela,1
BUDESHTE,1
Lootus,1
Bgm for Teleworking,1
Bgm for Teleworking,1
Агресия,1
When I,1
Viarval li sym,1
Sentimentos,1
Elu Läheb Edasi,1
Атанас Далчев: Творби за ДЗИ 12 клас,1
Свиждане,1
Brite,1
Karavīrs (akustiska studijas versija),1
The Midnight Arrangement,1
In the City,1
175g,1
Veemaal,1
Testament,1
Po Sredata,1
Inglorious Technicolour,1
Town,1
"Instrumentals: Lõuna-Rakvere Underground, Vol. 1",1
Glorious,1
Siin me kokku saime VIP Mix,1
Pearls,1
My Friend,1
Still Here,1
Yhel Pyhapäeval,1
Незабудка / песни-притчи 7,1
International Soccer,1
Sezonas,1
Lietus,1
DRILLDOS,1
Amfiibinimene,1
Christmas Saves The Year,0
Chain Gang (From The Motion Picture Soundtrack Of One Night In Miami...),0
Let Me Reintroduce Myself,0
"Cello Suite No.1 in G Major, BWV 1007 (Violin Version)",0
"Cello Suite No.1 in G Major, BWV 1007 (String Orchestra)",0
Bach For The Brain,0
Rudolph the Red-Nosed Reindeer,0
Kissin' In The Cold,0
Bebida Hookah Party,0
Lost for Words,0
Mozart For The Brain,0
Diary of a Bounce Back Queen,0
miss me,0
Chopin For The Brain,0
Have You Ever,0
Rudolph The Red Nose Reindeer,0
Moon Love. A Collection of Tchaikovsky Themes,0
Solid Ground,0
Paranorm,0
Spacey,0
Gost,0
As I Go (feat. Skrizzly Adams),0
Min kjære gut (Live),0
Time (feat. Rhye),0
A Neil Diamond Christmas: The Hymns,0
CONVERSATIONS,0
Don't Judge A Song By Its Cover,0
El Tequilero (En Vivo),0
Vivaldi For The Brain,0
La Gran Señora (En Vivo),0
BeVerly Hills BoYfRiEnd (Remixes),0
Bih Yah,0
Take Off,0
fake friend,0
Weather (Nitemoves Remix),0
The Kingdom (Acoustic),0
Morra,0
Toontown,0
Another You,0
15 Rielazos Parranderos,0
All Visible Objects (Quarantine DJ Mix),0
Dejame Caer,0
Dembow,0
Me Siento Solo,0
Esta Noche,0
Tell You Like This,0
For Real,0
Kape Mode,0
Charles Barkley,0
A Postcard from Nowhere,0
Weirdo (Remix),0
Me Style,0
"Luigi's Mansion, The Themes",0
Fairy Tale Song,0
10 Little Numbers,0
Eat Your Vegetables (With the LBB Crew),0
"When I'm Sad, I Sing",0
VORY,0
VORY,0
Back on the Fence,0
Horsehair Vase,0
What the World Needs Now (Is Love),0
"Baby Lullaby: Piano and Rain Sounds For Sleep, Baby Lullabies, Baby Sleep Aid, Music For Colicky Baby, Newborn Sleep Aid and Baby Sleep Music",0
Sleepy Naptime Lullabies,0
Peaceful Tots Crib Music,0
Acoustic Toddler Compilation,0
Total Calm Babies Ambience,0
Comforting Naptime Lullaby,0
Comforting Naptime Music,0
Rockabye Toddler Serenity,0
Santa Looked a Lot Like Daddy,0
Fall Apart,0
All I Want For Christmas Is You,0
Los Pasajes del Phoenix,0
"Nuestra Historia, Nuestros Corridos",0
"Llegue, Mire & Conquiste",0
Con Toloche,0
Popi (Remix),0
Getting At Her,0
! ! ! ! ! Squelch ! ! ! ! !,0
! ! # Furious # ! !,0
! ! ! ! ! Silence ! ! ! ! !,0
! ! ( Cloudy ) ! !,0
"! \" Crackle \" !",0
! / .-=-[Freshness]-=-. \ !,0
! ! ! ! ! Repeat ! ! ! ! !,0
24 Life In Natures Grace,0
! ! ! ! ! Distance ! ! ! ! !,0
! ! ( Sky ) ! !,0
"! \" Rumble \" !",0
"! \" Echoes \" !",0
"! \" Enclosing \" !",0
! ! ! ! ! Rumble ! ! ! ! !,0
! ! ! ! ! Clear ! ! ! ! !,0
! ! ( Echo ) ! !,0
!!$%&==+Treetop+==&%$!!,0
! ! # Falling # ! !,0
! ! ( Rolling ) ! !,0
! ! ( Soaker ) ! !,0
! ! ( Booming ) ! !,0
! ! ! ! ! Delicate ! ! ! ! !,0
! ! ! ! ! Drip ! ! ! ! !,0
! ! ( Lightning ) ! !,0
20 Kick Back To Nature,0
! ! ! ! ! Blusterous ! ! ! ! !,0
! ! ! ! ! Incessant ! ! ! ! !,0
"! +\"((December))\"+ !",0
"Nature Sounds Vol. 12, Nature Music to Sleep",0
Whispering Sounds Of Tweets For Recharge And Makeover,0
Heroes (The Remixes),0
Jupiter,0
Blacc Power,0
"Dvorák: Cellokonzert, Op. 104 - Serenade, Op. 22 (Auszug)",0
Poison In My Veins,0
EL Diablo,0
Pale Horse,0
Schumann: Piano Concertos,0
Ocean of Tears (umru Remix),0
Door (Oklou Remix),0
Hit Me Where It Hurts (Toro y Moi Remix),0
Hey Big Eyes (George Clanton Remix),0
cherry blossom,0
One-reeler / Act IV,0
Ya Llego La Navidad,0
Live Christmas Time with Calming Carols and Bird Calls,0
Christmas Time in the Winter Woods is Magical with Classic Tunes,0
Winter Holidays Among the Trees with Classics and Forest Noises for Naps,0
Winter Forest Sounds and Christmas Songs for Regeneration and Naps,0
Enjoy Christmas Time with Classic Songs and Winter Woods Sounds,0
Winter Holidays Among the Trees with Classics and Pure Nature for Dreams,0
Relaxing Melodies,0
Not Tonight (Tomorrow Sounds Good Steve Aoki Remix),0
My Day One,0
Still Got the Rock,0
A Mother Goose Club Christmas,0
Bouncing,0
satisfaced,0
Irish Christmas Festival,0
baby jesus is nobody's baby now,0
Abeja Reina (35 Aniversario En Vivo desde el Domo Care),0
Money Making Mitch,0
THE BOYZ Special Single 'Christmassy!',0
Textures.,0
Winter Dreams : MMXX : Lo-Hop Anthology,0
By the fire,0
Be here now,0
Tohase Pyar Ho Gail (Bhojpuri),0
Vidhana Kaishan Likhla Vidhan (Bhojpuri),0
Beast Mode,0
Satgur Nanak Pragatiya,0
Seven,0
Jole Jai Jole Jai,0
Dedication,0
"NAA (From The Original TV Show \"Live On\")",0
Race (Instrumental),0
Case (Instrumental),0
Sound Of Waves,0
Waves Sounds For Sleeping,0
Careful Noise and Wind Blows For Smooth Clamdown,0
New White Noise and Wind Blows For Recharge,0
Best White Noise and Sea Sounds For Perfect Sleep,0
Sleepy Noise Of Frogs For Relax And Long Evenings,0
Uncommon Brown Noise and Wind Blows For Mega Clamdown,0
Until The Fan Hums Devoted To Your Power Nap,0
Cosa mi manca?,0
bad timing,0
Strangers,0
Fresh Noises Of Birds For Relax And Enjoy Every Day,0
Nunnadet Shit,0
Radar,0
Tinted Love,0
Tell me,0
Nayan,0
Trzej królowie i kot (Kolęda 2020),0
"Ranaranga (From \"Ranam\")",0
! ! Climate ! !,0
"! !\"# Microclimates #\"! !",0
Peaceful Noises For Tuned-in Relax Dreams,0
! ! + Humid + ! !,0
!!/* Thermometer *\!!,0
! ! + Waterbased + ! !,0
! ! Weather ! !,0
"! !\"# Environment #\"! !",0
! ! + Forecast + ! !,0
! !/* Gusty *\! !,0
! ! Organisms ! !,0
! ! Blistering ! !,0
! ! Blustery ! !,0
! ! ! ! ! Disturbs ! ! ! ! !,0
Celebration,0
Luceat,0
38 Thunder Overhead,0
39 Fine Rain,0
Forest Crickets for Babies,0
39 Hidden Forest,0
39 Forest Wildlife,0
39 Open Fields,0
39 Panning Linear Rain,0
39 Midnight Monsoons,0
39 Meditative Drizzles,0
39 Midnight Monsoon,0
39 Meditative Drizzle,0
39 Peaceful Showers,0
The Blue Serpent of Lazuma,0
Sibelius - Great Recordings,0
A Love Returned in Full,0
Angelic Holiday Show,0
Amazing Yuletide Holiday,0
Technopen,0
Technoblue,0
"4 Paws, Sleeping Music for Dogs and Cats Session 17",0
"4 Paws, Sleeping Music for Dogs and Cats Session 17",0
Mind Of Rushing,0
THANK YOU MARIAH,0
Good Thing,0
Se Armo,0
Mexico,0
Pikachu,0
Pegate,0
Toma Dale,0
Rikitan,0
Perrea,0
Sensual,0
Um,0
Yo Te Amo,0
Para Ella Sola (Remix),0
La Disco,0
Mami,0
Si No,0
Partela,0
Prende la Hooka,0
Pal Piso,0
Mera Dj 2 (Version Disco),0
Ritmo,0
Patra,0
Una Yal,0
Palomo,0
Menealo,0
Reggaeton,0
Fuck 2020,0
Legend in 2 Games,0
Marci Popolari 2002,0
X-MEN,0
صاخب,0
Локдаун,0
شوقك يجيبك,0
Jauna dzīve sākas,0
Silence,0
A Brand New Day EP,0
Diamond Boy,0
Marci Brijjuzi 2017,0
Trust The Vibes,0
IDWK,0
Cagoule,0
This Is Grace (Instrumental),0
Harp Music,0
Blur The Lines,0
Yo Me Ei Ole Puberteet,0
Going Nowhere,0
